"date","source","meantemp","humidity","wind_speed","meanpressure","month","month_name","season","meanpressure_raw","pressure_imputed","wind_speed_raw","wind_capped"
"2013-01-01","train",10,84.5,0,1015.6666666666666,1,"Jan","Winter",1015.6666666666666,0,0,0
"2013-01-02","train",7.4000000000000004,92,2.98,1017.8,1,"Jan","Winter",1017.8,0,2.98,0
"2013-01-03","train",7.166666666666667,87,4.6333333333333337,1018.6666666666666,1,"Jan","Winter",1018.6666666666666,0,4.6333333333333337,0
"2013-01-04","train",8.6666666666666661,71.333333333333329,1.2333333333333334,1017.1666666666666,1,"Jan","Winter",1017.1666666666666,0,1.2333333333333334,0
"2013-01-05","train",6,86.833333333333329,3.6999999999999997,1016.5,1,"Jan","Winter",1016.5,0,3.6999999999999997,0
"2013-01-06","train",7,82.799999999999997,1.48,1018,1,"Jan","Winter",1018,0,1.48,0
"2013-01-07","train",7,78.599999999999994,6.2999999999999998,1020,1,"Jan","Winter",1020,0,6.2999999999999998,0
"2013-01-08","train",8.8571428571428577,63.714285714285715,7.1428571428571432,1018.7142857142857,1,"Jan","Winter",1018.7142857142857,0,7.1428571428571432,0
"2013-01-09","train",14,51.25,12.5,1017,1,"Jan","Winter",1017,0,12.5,0
"2013-01-10","train",11,62,7.3999999999999995,1015.6666666666666,1,"Jan","Winter",1015.6666666666666,0,7.3999999999999995,0
"2013-01-11","train",15.714285714285714,51.285714285714285,10.571428571428571,1016.1428571428571,1,"Jan","Winter",1016.1428571428571,0,10.571428571428571,0
"2013-01-12","train",14,74,13.228571428571428,1015.5714285714286,1,"Jan","Winter",1015.5714285714286,0,13.228571428571428,0
"2013-01-13","train",15.833333333333334,75.166666666666671,4.6333333333333337,1013.3333333333334,1,"Jan","Winter",1013.3333333333334,0,4.6333333333333337,0
"2013-01-14","train",12.833333333333334,88.166666666666671,0.6166666666666667,1015.1666666666666,1,"Jan","Winter",1015.1666666666666,0,0.6166666666666667,0
"2013-01-15","train",14.714285714285714,71.857142857142861,0.52857142857142858,1015.8571428571429,1,"Jan","Winter",1015.8571428571429,0,0.52857142857142858,0
"2013-01-16","train",13.833333333333334,86.666666666666671,0,1016.6666666666666,1,"Jan","Winter",1016.6666666666666,0,0,0
"2013-01-17","train",16.5,80.833333333333329,5.2500000000000009,1015.8333333333334,1,"Jan","Winter",1015.8333333333334,0,5.2500000000000009,0
"2013-01-18","train",13.833333333333334,92.166666666666671,8.9500000000000011,1014.5,1,"Jan","Winter",1014.5,0,8.9500000000000011,0
"2013-01-19","train",12.5,76.666666666666671,5.8833333333333329,1021.6666666666666,1,"Jan","Winter",1021.6666666666666,0,5.8833333333333329,0
"2013-01-20","train",11.285714285714286,75.285714285714292,8.4714285714285715,1020.2857142857143,1,"Jan","Winter",1020.2857142857143,0,8.4714285714285715,0
"2013-01-21","train",11.199999999999999,77,2.2200000000000002,1021,1,"Jan","Winter",1021,0,2.2200000000000002,0
"2013-01-22","train",9.5,79.666666666666671,3.0833333333333335,1021.8,1,"Jan","Winter",1021.8,0,3.0833333333333335,0
"2013-01-23","train",14,60.166666666666664,4.0166666666666666,1020.5,1,"Jan","Winter",1020.5,0,4.0166666666666666,0
"2013-01-24","train",13.833333333333334,60.666666666666664,6.166666666666667,1020.5,1,"Jan","Winter",1020.5,0,6.166666666666667,0
"2013-01-25","train",12.25,67,5.5499999999999998,1020.75,1,"Jan","Winter",1020.75,0,5.5499999999999998,0
"2013-01-26","train",12.666666666666666,64.166666666666671,6.8000000000000007,1019.6666666666666,1,"Jan","Winter",1019.6666666666666,0,6.8000000000000007,0
"2013-01-27","train",12.857142857142858,65.571428571428569,5.5571428571428569,1018.1428571428571,1,"Jan","Winter",1018.1428571428571,0,5.5571428571428569,0
"2013-01-28","train",14.833333333333334,56,3.6999999999999997,1017.8333333333334,1,"Jan","Winter",1017.8333333333334,0,3.6999999999999997,0
"2013-01-29","train",14.125,65.5,3.2374999999999998,1016.625,1,"Jan","Winter",1016.625,0,3.2374999999999998,0
"2013-01-30","train",14.714285714285714,70.428571428571431,1.0571428571428572,1017.8571428571429,1,"Jan","Winter",1017.8571428571429,0,1.0571428571428572,0
"2013-01-31","train",16.199999999999999,65.599999999999994,2.96,1018.4,1,"Jan","Winter",1018.4,0,2.96,0
"2013-02-01","train",16,73,2.2200000000000002,1016,2,"Feb","Winter",1016,0,2.2200000000000002,0
"2013-02-02","train",16.285714285714285,77.571428571428569,1.3285714285714287,1017.1428571428571,2,"Feb","Winter",1017.1428571428571,0,1.3285714285714287,0
"2013-02-03","train",18,65.571428571428569,1.8571428571428572,1015.2857142857143,2,"Feb","Winter",1015.2857142857143,0,1.8571428571428572,0
"2013-02-04","train",17.428571428571427,74.285714285714292,11.114285714285714,1014.5714285714286,2,"Feb","Winter",1014.5714285714286,0,11.114285714285714,0
"2013-02-05","train",16.625,92.375,9.7250000000000014,1016.375,2,"Feb","Winter",1016.375,0,9.7250000000000014,0
"2013-02-06","train",16.666666666666668,71.333333333333329,8.6333333333333329,1018.6666666666666,2,"Feb","Winter",1018.6666666666666,0,8.6333333333333329,0
"2013-02-07","train",15.6,59.399999999999999,10.74,1018.6,2,"Feb","Winter",1018.6,0,10.74,0
"2013-02-08","train",14,70.428571428571431,9.2571428571428562,1017.1428571428571,2,"Feb","Winter",1017.1428571428571,0,9.2571428571428562,0
"2013-02-09","train",15.428571428571429,61.285714285714285,9.2571428571428562,1016.8571428571429,2,"Feb","Winter",1016.8571428571429,0,9.2571428571428562,0
"2013-02-10","train",15.25,71.5,3.4749999999999996,1017.125,2,"Feb","Winter",1017.125,0,3.4749999999999996,0
"2013-02-11","train",15.875,70.5,5.3250000000000002,1016.5,2,"Feb","Winter",1016.5,0,5.3250000000000002,0
"2013-02-12","train",15.333333333333334,70.333333333333329,7.416666666666667,1017.5,2,"Feb","Winter",1017.5,0,7.416666666666667,0
"2013-02-13","train",16.285714285714285,70.142857142857139,6.0857142857142872,1016,2,"Feb","Winter",1016,0,6.0857142857142872,0
"2013-02-14","train",17.333333333333332,63.833333333333336,4.333333333333333,1014.1666666666666,2,"Feb","Winter",1014.1666666666666,0,4.333333333333333,0
"2013-02-15","train",19.166666666666668,65.333333333333329,10.183333333333335,1011.6666666666666,2,"Feb","Winter",1011.6666666666666,0,10.183333333333335,0
"2013-02-16","train",14.428571428571429,92.714285714285708,8.4857142857142858,1008,2,"Feb","Winter",1008,0,8.4857142857142858,0
"2013-02-17","train",13.666666666666666,90,0,1012.6666666666666,2,"Feb","Winter",1012.6666666666666,0,0,0
"2013-02-18","train",15.6,78.400000000000006,12.220000000000002,1016.2,2,"Feb","Winter",1016.2,0,12.220000000000002,0
"2013-02-19","train",15.857142857142858,82,5.8142857142857149,1015.7142857142857,2,"Feb","Winter",1015.7142857142857,0,5.8142857142857149,0
"2013-02-20","train",17.714285714285715,74.714285714285708,5.8142857142857149,1017,2,"Feb","Winter",1017,0,5.8142857142857149,0
"2013-02-21","train",20,67.285714285714292,6.6142857142857139,1015.4285714285714,2,"Feb","Winter",1015.4285714285714,0,6.6142857142857139,0
"2013-02-22","train",20.5,65.625,10.875000000000002,1016,2,"Feb","Winter",1016,0,10.875000000000002,0
"2013-02-23","train",17.428571428571427,74.857142857142861,9.2571428571428562,1017,2,"Feb","Winter",1017,0,9.2571428571428562,0
"2013-02-24","train",16.857142857142858,78.857142857142861,7.4000000000000012,1018.8571428571429,2,"Feb","Winter",1018.8571428571429,0,7.4000000000000012,0
"2013-02-25","train",16.875,72.875,4.6375000000000002,1018.25,2,"Feb","Winter",1018.25,0,4.6375000000000002,0
"2013-02-26","train",17.857142857142858,70,17.587500000000002,1015.1428571428571,2,"Feb","Winter",1015.1428571428571,0,17.587500000000002,0
"2013-02-27","train",20.800000000000001,57.200000000000003,6.660000000000001,1015.2,2,"Feb","Winter",1015.2,0,6.660000000000001,0
"2013-02-28","train",19.428571428571427,52.857142857142854,12.957142857142857,1017.4285714285714,2,"Feb","Winter",1017.4285714285714,0,12.957142857142857,0
"2013-03-01","train",17.333333333333332,49.333333333333336,17.606249999999999,1016.3333333333334,3,"Mar","Summer",1016.3333333333334,0,24.066666666666663,1
"2013-03-02","train",19,54,15.725,1016.25,3,"Mar","Summer",1016.25,0,15.725,0
"2013-03-03","train",19.333333333333332,62.833333333333336,8.6333333333333329,1016.1666666666666,3,"Mar","Summer",1016.1666666666666,0,8.6333333333333329,0
"2013-03-04","train",17.600000000000001,71,5.5600000000000005,1015.8,3,"Mar","Summer",1015.8,0,5.5600000000000005,0
"2013-03-05","train",20.875,61.875,4.1625000000000005,1016.375,3,"Mar","Summer",1016.375,0,4.1625000000000005,0
"2013-03-06","train",20.857142857142858,65.285714285714292,6.8714285714285728,1015.7142857142857,3,"Mar","Summer",1015.7142857142857,0,6.8714285714285728,0
"2013-03-07","train",23.428571428571427,57.142857142857146,8.7285714285714278,1015.2857142857143,3,"Mar","Summer",1015.2857142857143,0,8.7285714285714278,0
"2013-03-08","train",24.166666666666668,44.833333333333336,7.1000000000000005,1014.8333333333334,3,"Mar","Summer",1014.8333333333334,0,7.1000000000000005,0
"2013-03-09","train",25.428571428571427,49.714285714285715,5.2857142857142856,1009.2857142857143,3,"Mar","Summer",1009.2857142857143,0,5.2857142857142856,0
"2013-03-10","train",23.142857142857142,57.571428571428569,4.2285714285714286,1008,3,"Mar","Summer",1008,0,4.2285714285714286,0
"2013-03-11","train",24,66.333333333333329,0.93333333333333324,1011.1666666666666,3,"Mar","Summer",1011.1666666666666,0,0.93333333333333324,0
"2013-03-12","train",23.5,62.5,4.9333333333333336,1011.5,3,"Mar","Summer",1011.5,0,4.9333333333333336,0
"2013-03-13","train",21.5,70.5,5.5499999999999998,1009,3,"Mar","Summer",1009,0,5.5499999999999998,0
"2013-03-14","train",22.333333333333332,61.166666666666664,12.033333333333333,1013.1666666666666,3,"Mar","Summer",1013.1666666666666,0,12.033333333333333,0
"2013-03-15","train",24.166666666666668,45.833333333333336,7.7166666666666677,1016.1666666666666,3,"Mar","Summer",1016.1666666666666,0,7.7166666666666677,0
"2013-03-16","train",20.333333333333332,67.666666666666671,3.6999999999999997,1016.1666666666666,3,"Mar","Summer",1016.1666666666666,0,3.6999999999999997,0
"2013-03-17","train",22.666666666666668,58.666666666666664,8.9499999999999993,1015,3,"Mar","Summer",1015,0,8.9499999999999993,0
"2013-03-18","train",23.428571428571427,58.142857142857146,17.457142857142856,1009.4285714285714,3,"Mar","Summer",1009.4285714285714,0,17.457142857142856,0
"2013-03-19","train",22.5,73.666666666666671,10.483333333333333,1011,3,"Mar","Summer",1011,0,10.483333333333333,0
"2013-03-20","train",29.166666666666668,36.333333333333336,6.8000000000000007,1009.5,3,"Mar","Summer",1009.5,0,6.8000000000000007,0
"2013-03-21","train",23.833333333333332,58.5,10.5,1008.3333333333334,3,"Mar","Summer",1008.3333333333334,0,10.5,0
"2013-03-22","train",25.25,50.25,9.7125000000000004,1006.375,3,"Mar","Summer",1006.375,0,9.7125000000000004,0
"2013-03-23","train",27.375,50.125,9.9500000000000011,1007.625,3,"Mar","Summer",1007.625,0,9.9500000000000011,0
"2013-03-24","train",27,48.75,10.887499999999999,1010.25,3,"Mar","Summer",1010.25,0,10.887499999999999,0
"2013-03-25","train",23.5,45.5,15.962499999999999,1010.625,3,"Mar","Summer",1010.625,0,15.962499999999999,0
"2013-03-26","train",24.142857142857142,44.571428571428569,12.957142857142857,1008.8571428571429,3,"Mar","Summer",1008.8571428571429,0,12.957142857142857,0
"2013-03-27","train",21,62,1.8500000000000001,1009,3,"Mar","Summer",1009,0,1.8500000000000001,0
"2013-03-28","train",22.428571428571427,62.714285714285715,7.4142857142857155,1009.5714285714286,3,"Mar","Summer",1009.5714285714286,0,7.4142857142857155,0
"2013-03-29","train",21.25,70.375,5.5500000000000007,1009.75,3,"Mar","Summer",1009.75,0,5.5500000000000007,0
"2013-03-30","train",23.5,54.75,11.112499999999999,1008.625,3,"Mar","Summer",1008.625,0,11.112499999999999,0
"2013-03-31","train",23.199999999999999,58,6.660000000000001,1008.6,3,"Mar","Summer",1008.6,0,6.660000000000001,0
"2013-04-01","train",25.375,45.5,4.4000000000000004,1008.5,4,"Apr","Summer",1008.5,0,4.4000000000000004,0
"2013-04-02","train",25.166666666666668,51,8.6500000000000004,1009.5,4,"Apr","Summer",1009.5,0,8.6500000000000004,0
"2013-04-03","train",26.199999999999999,45.600000000000001,8.1400000000000006,1009,4,"Apr","Summer",1009,0,8.1400000000000006,0
"2013-04-04","train",24.600000000000001,41.799999999999997,11.120000000000001,1007.8,4,"Apr","Summer",1007.8,0,11.120000000000001,0
"2013-04-05","train",25.600000000000001,31,15.559999999999999,1007,4,"Apr","Summer",1007,0,15.559999999999999,0
"2013-04-06","train",25.857142857142858,29.857142857142858,11.900000000000002,1006.1428571428571,4,"Apr","Summer",1006.1428571428571,0,11.900000000000002,0
"2013-04-07","train",29.142857142857142,23.285714285714285,10.314285714285715,1005,4,"Apr","Summer",1005,0,10.314285714285715,0
"2013-04-08","train",28.714285714285715,33.857142857142854,5.2999999999999998,1006,4,"Apr","Summer",1006,0,5.2999999999999998,0
"2013-04-09","train",30.166666666666668,30.5,8.6500000000000004,1005.3333333333334,4,"Apr","Summer",1005.3333333333334,0,8.6500000000000004,0
"2013-04-10","train",30,28,6.0999999999999996,1006.7142857142857,4,"Apr","Summer",1006.7142857142857,0,6.0999999999999996,0
"2013-04-11","train",30,24.199999999999999,7.7800000000000011,1006.4,4,"Apr","Summer",1006.4,0,7.7800000000000011,0
"2013-04-12","train",28.857142857142858,32.571428571428569,6.3428571428571434,1007.5714285714286,4,"Apr","Summer",1007.5714285714286,0,6.3428571428571434,0
"2013-04-13","train",30.199999999999999,29.199999999999999,10.000000000000002,1008.4,4,"Apr","Summer",1008.4,0,10.000000000000002,0
"2013-04-14","train",28.25,39.375,6.4874999999999989,1007,4,"Apr","Summer",1007,0,6.4874999999999989,0
"2013-04-15","train",28.25,41.375,6.25,1003.875,4,"Apr","Summer",1003.875,0,6.25,0
"2013-04-16","train",32.125,24.625,10.424999999999999,1000,4,"Apr","Summer",1000,0,10.424999999999999,0
"2013-04-17","train",29.199999999999999,24.199999999999999,6.6599999999999993,1002.2,4,"Apr","Summer",1002.2,0,6.6599999999999993,0
"2013-04-18","train",30.285714285714285,30.285714285714285,4.757142857142858,1002.8571428571429,4,"Apr","Summer",1002.8571428571429,0,4.757142857142858,0
"2013-04-19","train",28.285714285714285,31.285714285714285,3.9714285714285711,1002.5714285714286,4,"Apr","Summer",1002.5714285714286,0,3.9714285714285711,0
"2013-04-20","train",30.625,29,7.6375000000000002,1003.375,4,"Apr","Summer",1003.375,0,7.6375000000000002,0
"2013-04-21","train",27.666666666666668,38.666666666666664,13.883333333333333,1006.8333333333334,4,"Apr","Summer",1006.8333333333334,0,13.883333333333333,0
"2013-04-22","train",27.375,45.375,7.6500000000000012,1010,4,"Apr","Summer",1010,0,7.6500000000000012,0
"2013-04-23","train",28.625,44.125,4.6250000000000009,1009.875,4,"Apr","Summer",1009.875,0,4.6250000000000009,0
"2013-04-24","train",30.285714285714285,41.714285714285715,2.1142857142857143,1008.5714285714286,4,"Apr","Summer",1008.5714285714286,0,2.1142857142857143,0
"2013-04-25","train",31.142857142857142,38.285714285714285,3.7000000000000002,1007.7142857142857,4,"Apr","Summer",1007.7142857142857,0,3.7000000000000002,0
"2013-04-26","train",29.875,45.875,6.7125000000000004,1008.375,4,"Apr","Summer",1008.375,0,6.7125000000000004,0
"2013-04-27","train",31.142857142857142,31.428571428571427,13.485714285714286,1007,4,"Apr","Summer",1007,0,13.485714285714286,0
"2013-04-28","train",30.571428571428573,28,12.971428571428572,1005.4285714285714,4,"Apr","Summer",1005.4285714285714,0,12.971428571428572,0
"2013-04-29","train",32.125,26.375,7.875,1004.875,4,"Apr","Summer",1004.875,0,7.875,0
"2013-04-30","train",31.142857142857142,32,7.9285714285714288,1004.8571428571429,4,"Apr","Summer",1004.8571428571429,0,7.9285714285714288,0
"2013-05-01","train",31.857142857142858,15.857142857142858,12.685714285714287,1002.8333333333334,5,"May","Summer",1002.8333333333334,0,12.685714285714287,0
"2013-05-02","train",29.833333333333332,22.166666666666668,11.433333333333335,1001.2,5,"May","Summer",1001.2,0,11.433333333333335,0
"2013-05-03","train",28.571428571428573,31.571428571428573,9,999.42857142857144,5,"May","Summer",999.42857142857144,0,9,0
"2013-05-04","train",32.857142857142854,31.428571428571427,2.9142857142857141,999,5,"May","Summer",999,0,2.9142857142857141,0
"2013-05-05","train",32.625,31.125,3.0125000000000002,1000.625,5,"May","Summer",1000.625,0,3.0125000000000002,0
"2013-05-06","train",32.75,39.25,3.7000000000000002,1001.625,5,"May","Summer",1001.625,0,3.7000000000000002,0
"2013-05-07","train",32.875,33.25,7.1750000000000007,1002,5,"May","Summer",1002,0,7.1750000000000007,0
"2013-05-08","train",34.5,23,9.25,1001.1666666666666,5,"May","Summer",1001.1666666666666,0,9.25,0
"2013-05-09","train",34.285714285714285,26,8.985714285714284,1000.8571428571429,5,"May","Summer",1000.8571428571429,0,8.985714285714284,0
"2013-05-10","train",34,27.714285714285715,9.5285714285714285,1000.1428571428571,5,"May","Summer",1000.1428571428571,0,9.5285714285714285,0
"2013-05-11","train",30.75,30.375,14.8125,999.875,5,"May","Summer",999.875,0,14.8125,0
"2013-05-12","train",29.857142857142858,40.142857142857146,5.8285714285714283,1003.7142857142857,5,"May","Summer",1003.7142857142857,0,5.8285714285714283,0
"2013-05-13","train",31.714285714285715,34,3.9714285714285715,1003.5714285714286,5,"May","Summer",1003.5714285714286,0,3.9714285714285715,0
"2013-05-14","train",32.285714285714285,34.285714285714285,4.7714285714285714,1001.5714285714286,5,"May","Summer",1001.5714285714286,0,4.7714285714285714,0
"2013-05-15","train",33,33,3.2375000000000003,999.85714285714289,5,"May","Summer",999.85714285714289,0,3.2375000000000003,0
"2013-05-16","train",33,34.75,7.1750000000000007,998.5,5,"May","Summer",998.5,0,7.1750000000000007,0
"2013-05-17","train",32.833333333333336,28.166666666666668,9.8666666666666671,1000.3333333333334,5,"May","Summer",1000.3333333333334,0,9.8666666666666671,0
"2013-05-18","train",31.399999999999999,42.200000000000003,12.966666666666669,999,5,"May","Summer",999,0,12.966666666666669,0
"2013-05-19","train",35.333333333333336,22.333333333333332,15.749999999999998,999.66666666666663,5,"May","Summer",999.66666666666663,0,15.749999999999998,0
"2013-05-20","train",36.399999999999999,24.199999999999999,7.4000000000000004,998.39999999999998,5,"May","Summer",998.39999999999998,0,7.4000000000000004,0
"2013-05-21","train",36,19,11.371428571428572,998.66666666666663,5,"May","Summer",998.66666666666663,0,11.371428571428572,0
"2013-05-22","train",36.75,22.125,17.587499999999999,998.625,5,"May","Summer",998.625,0,17.587499999999999,0
"2013-05-23","train",37.5,23.333333333333332,13.566666666666668,997.16666666666663,5,"May","Summer",997.16666666666663,0,13.566666666666668,0
"2013-05-24","train",38.428571428571431,27.428571428571427,11.385714285714286,996.42857142857144,5,"May","Summer",996.42857142857144,0,11.385714285714286,0
"2013-05-25","train",38.714285714285715,22.428571428571427,10.314285714285715,998.14285714285711,5,"May","Summer",998.14285714285711,0,10.314285714285715,0
"2013-05-26","train",37.799999999999997,21.199999999999999,10.74,998.20000000000005,5,"May","Summer",998.20000000000005,0,10.74,0
"2013-05-27","train",35.857142857142854,31.571428571428573,8.7285714285714295,999.14285714285711,5,"May","Summer",999.14285714285711,0,8.7285714285714295,0
"2013-05-28","train",35.333333333333336,29,8.3333333333333339,1000.1666666666666,5,"May","Summer",1000.1666666666666,0,8.3333333333333339,0
"2013-05-29","train",34.142857142857146,27.857142857142858,5.5571428571428578,999.42857142857144,5,"May","Summer",999.42857142857144,0,5.5571428571428578,0
"2013-05-30","train",32.200000000000003,28.199999999999999,5.5600000000000005,999.60000000000002,5,"May","Summer",999.60000000000002,0,5.5600000000000005,0
"2013-05-31","train",33.625,40.125,10.637499999999999,998.71428571428567,5,"May","Summer",998.71428571428567,0,10.637499999999999,0
"2013-06-01","train",32,54,13.4375,998.75,6,"Jun","Monsoon",998.75,0,13.4375,0
"2013-06-02","train",32.399999999999999,56.600000000000001,14.200000000000001,1001,6,"Jun","Monsoon",1001,0,14.200000000000001,0
"2013-06-03","train",35.600000000000001,47,12.239999999999998,999.60000000000002,6,"Jun","Monsoon",999.60000000000002,0,12.239999999999998,0
"2013-06-04","train",35.857142857142854,42.571428571428569,5.0285714285714294,999.85714285714289,6,"Jun","Monsoon",999.85714285714289,0,5.0285714285714294,0
"2013-06-05","train",37.166666666666664,36.5,9.8666666666666654,998,6,"Jun","Monsoon",998,0,9.8666666666666654,0
"2013-06-06","train",31.285714285714285,61.714285714285715,10.042857142857144,997.28571428571433,6,"Jun","Monsoon",997.28571428571433,0,10.042857142857144,0
"2013-06-07","train",34,49.25,7.4125000000000014,998,6,"Jun","Monsoon",998,0,7.4125000000000014,0
"2013-06-08","train",34.200000000000003,57.399999999999999,13.34,997,6,"Jun","Monsoon",997,0,13.34,0
"2013-06-09","train",36.166666666666664,40,11.416666666666666,995.16666666666663,6,"Jun","Monsoon",995.16666666666663,0,11.416666666666666,0
"2013-06-10","train",36.625,42.75,8.1000000000000014,995.125,6,"Jun","Monsoon",995.125,0,8.1000000000000014,0
"2013-06-11","train",30.166666666666668,61.666666666666664,16.349999999999998,1000,6,"Jun","Monsoon",1000,0,16.349999999999998,0
"2013-06-12","train",34.142857142857146,54.142857142857146,7.4142857142857155,998,6,"Jun","Monsoon",998,0,7.4142857142857155,0
"2013-06-13","train",29.833333333333332,68.666666666666671,9.8666666666666654,998.66666666666663,6,"Jun","Monsoon",998.66666666666663,0,9.8666666666666654,0
"2013-06-14","train",30.142857142857142,68.142857142857139,7.9428571428571422,997.42857142857144,6,"Jun","Monsoon",997.42857142857144,0,7.9428571428571422,0
"2013-06-15","train",30.714285714285715,65,13.22857142857143,997.85714285714289,6,"Jun","Monsoon",997.85714285714289,0,13.22857142857143,0
"2013-06-16","train",27,88.857142857142861,8.4857142857142858,996.42857142857144,6,"Jun","Monsoon",996.42857142857144,0,8.4857142857142858,0
"2013-06-17","train",26.875,87.375,8.3375000000000004,994.75,6,"Jun","Monsoon",994.75,0,8.3375000000000004,0
"2013-06-18","train",28.399999999999999,83.599999999999994,5.1799999999999997,996.39999999999998,6,"Jun","Monsoon",996.39999999999998,0,5.1799999999999997,0
"2013-06-19","train",29.857142857142858,72.857142857142861,4.2285714285714286,999,6,"Jun","Monsoon",999,0,4.2285714285714286,0
"2013-06-20","train",33,52.714285714285715,4.7714285714285714,997.16666666666663,6,"Jun","Monsoon",997.16666666666663,0,4.7714285714285714,0
"2013-06-21","train",34.833333333333336,47.333333333333336,5.8666666666666671,995.33333333333337,6,"Jun","Monsoon",995.33333333333337,0,5.8666666666666671,0
"2013-06-22","train",35.600000000000001,39.399999999999999,10.74,996.20000000000005,6,"Jun","Monsoon",996.20000000000005,0,10.74,0
"2013-06-23","train",35.166666666666664,53,8.3500000000000014,995.66666666666663,6,"Jun","Monsoon",995.66666666666663,0,8.3500000000000014,0
"2013-06-24","train",33.142857142857146,55,13.22857142857143,996.28571428571433,6,"Jun","Monsoon",996.28571428571433,0,13.22857142857143,0
"2013-06-25","train",30.571428571428573,70.428571428571431,11.114285714285716,999.16666666666663,6,"Jun","Monsoon",999.16666666666663,0,11.114285714285716,0
"2013-06-26","train",30.666666666666668,71.5,6.4833333333333334,999,6,"Jun","Monsoon",999,0,6.4833333333333334,0
"2013-06-27","train",31.428571428571427,61.857142857142854,7.9571428571428564,996.71428571428567,6,"Jun","Monsoon",996.71428571428567,0,7.9571428571428564,0
"2013-06-28","train",31.5,64.25,8.8125,996,6,"Jun","Monsoon",996,0,8.8125,0
"2013-06-29","train",33.25,57,13.875,995.25,6,"Jun","Monsoon",995.25,0,13.875,0
"2013-06-30","train",32.833333333333336,52.166666666666664,10.5,997.16666666666663,6,"Jun","Monsoon",997.16666666666663,0,10.5,0
"2013-07-01","train",33.857142857142854,54,8.7285714285714278,996.42857142857144,7,"Jul","Monsoon",996.42857142857144,0,8.7285714285714278,0
"2013-07-02","train",33.142857142857146,58.285714285714285,9.7999999999999989,996,7,"Jul","Monsoon",996,0,9.7999999999999989,0
"2013-07-03","train",31.571428571428573,70,6.3571428571428568,997.57142857142856,7,"Jul","Monsoon",997.57142857142856,0,6.3571428571428568,0
"2013-07-04","train",32.375,67.5,9.25,997,7,"Jul","Monsoon",997,0,9.25,0
"2013-07-05","train",32.799999999999997,62.200000000000003,12.959999999999999,997.79999999999995,7,"Jul","Monsoon",997.79999999999995,0,12.959999999999999,0
"2013-07-06","train",31,73.142857142857139,11.37142857142857,1000.5714285714286,7,"Jul","Monsoon",1000.5714285714286,0,11.37142857142857,0
"2013-07-07","train",31.166666666666668,77.333333333333329,7.1000000000000005,1000.1666666666666,7,"Jul","Monsoon",1000.1666666666666,0,7.1000000000000005,0
"2013-07-08","train",29.833333333333332,75.166666666666671,6.4833333333333343,997.5,7,"Jul","Monsoon",997.5,0,6.4833333333333343,0
"2013-07-09","train",29,78.833333333333329,8.0166666666666675,996.83333333333337,7,"Jul","Monsoon",996.83333333333337,0,8.0166666666666675,0
"2013-07-10","train",29.75,75.375,6.4874999999999998,995.75,7,"Jul","Monsoon",995.75,0,6.4874999999999998,0
"2013-07-11","train",32.5,65.5,7.1166666666666671,997.33333333333337,7,"Jul","Monsoon",997.33333333333337,0,7.1166666666666671,0
"2013-07-12","train",28.875,86.625,5.5625000000000009,1000,7,"Jul","Monsoon",1000,0,5.5625000000000009,0
"2013-07-13","train",31.75,70.25,12.0625,998.875,7,"Jul","Monsoon",998.875,0,12.0625,0
"2013-07-14","train",30.75,71.625,4.8125,997.375,7,"Jul","Monsoon",997.375,0,4.8125,0
"2013-07-15","train",31.75,73.25,13.537500000000001,998.375,7,"Jul","Monsoon",998.375,0,13.537500000000001,0
"2013-07-16","train",29.875,83.875,9,999,7,"Jul","Monsoon",999,0,9,0
"2013-07-17","train",31.125,78.375,8.6500000000000004,998,7,"Jul","Monsoon",998,0,8.6500000000000004,0
"2013-07-18","train",31.75,76,5.5500000000000007,995,7,"Jul","Monsoon",995,0,5.5500000000000007,0
"2013-07-19","train",30.5,73.5,9.2666666666666657,995.33333333333337,7,"Jul","Monsoon",995.33333333333337,0,9.2666666666666657,0
"2013-07-20","train",26.833333333333332,90.666666666666671,4.9333333333333327,999.16666666666663,7,"Jul","Monsoon",999.16666666666663,0,4.9333333333333327,0
"2013-07-21","train",28.199999999999999,88,2.2399999999999998,996.39999999999998,7,"Jul","Monsoon",996.39999999999998,0,2.2399999999999998,0
"2013-07-22","train",29.5,80.333333333333329,4.333333333333333,996.83333333333337,7,"Jul","Monsoon",996.83333333333337,0,4.333333333333333,0
"2013-07-23","train",31.857142857142858,70.714285714285708,3.9714285714285715,998,7,"Jul","Monsoon",998,0,3.9714285714285715,0
"2013-07-24","train",29.714285714285715,84.142857142857139,3.9714285714285711,997.14285714285711,7,"Jul","Monsoon",997.14285714285711,0,3.9714285714285711,0
"2013-07-25","train",28.333333333333332,84.5,8.0166666666666675,995.16666666666663,7,"Jul","Monsoon",995.16666666666663,0,8.0166666666666675,0
"2013-07-26","train",30,73.857142857142861,5.5714285714285721,995.42857142857144,7,"Jul","Monsoon",995.42857142857144,0,5.5714285714285721,0
"2013-07-27","train",30.142857142857142,79,4.2285714285714286,997.28571428571433,7,"Jul","Monsoon",997.28571428571433,0,4.2285714285714286,0
"2013-07-28","train",32.285714285714285,67.428571428571431,6.0857142857142863,998.14285714285711,7,"Jul","Monsoon",998.14285714285711,0,6.0857142857142863,0
"2013-07-29","train",31,77.428571428571431,4.7714285714285714,997.14285714285711,7,"Jul","Monsoon",997.14285714285711,0,4.7714285714285714,0
"2013-07-30","train",30.5,75.666666666666671,8.0166666666666675,996.5,7,"Jul","Monsoon",996.5,0,8.0166666666666675,0
"2013-07-31","train",28.833333333333332,78.5,9.8666666666666654,996.66666666666663,7,"Jul","Monsoon",996.66666666666663,0,9.8666666666666654,0
"2013-08-01","train",30,73.5,5.5500000000000007,998,8,"Aug","Monsoon",998,0,5.5500000000000007,0
"2013-08-02","train",31.571428571428573,66.428571428571431,11.114285714285716,999.42857142857144,8,"Aug","Monsoon",999.42857142857144,0,11.114285714285716,0
"2013-08-03","train",32.5,62.333333333333336,10.816666666666665,1000.8333333333334,8,"Aug","Monsoon",1000.8333333333334,0,10.816666666666665,0
"2013-08-04","train",32.5,62.5,5.0999999999999996,993.25,8,"Aug","Monsoon",993.25,0,5.0999999999999996,0
"2013-08-05","train",29.5,77,6.7833333333333341,1001,8,"Aug","Monsoon",1001,0,6.7833333333333341,0
"2013-08-06","train",27.166666666666668,90.666666666666671,4.0166666666666666,1002.1666666666666,8,"Aug","Monsoon",1002.1666666666666,0,4.0166666666666666,0
"2013-08-07","train",28.375,85.25,3.25,1001.875,8,"Aug","Monsoon",1001.875,0,3.25,0
"2013-08-08","train",28.5,84,6.166666666666667,1000.5,8,"Aug","Monsoon",1000.5,0,6.166666666666667,0
"2013-08-09","train",27.166666666666668,87.5,3.7166666666666668,1001,8,"Aug","Monsoon",1001,0,3.7166666666666668,0
"2013-08-10","train",29.428571428571427,79.857142857142861,6.1000000000000005,1000.3333333333334,8,"Aug","Monsoon",1000.3333333333334,0,6.1000000000000005,0
"2013-08-11","train",30,76.833333333333329,6.8000000000000007,1001.1666666666666,8,"Aug","Monsoon",1001.1666666666666,0,6.8000000000000007,0
"2013-08-12","train",29.5,81.5,8.3500000000000014,1001,8,"Aug","Monsoon",1001,0,8.3500000000000014,0
"2013-08-13","train",30.75,72,11.125,999.25,8,"Aug","Monsoon",999.25,0,11.125,0
"2013-08-14","train",29.666666666666668,74.333333333333329,9.8666666666666671,999.83333333333337,8,"Aug","Monsoon",999.83333333333337,0,9.8666666666666671,0
"2013-08-15","train",27.714285714285715,85,8.1999999999999993,1001.7142857142857,8,"Aug","Monsoon",1001.7142857142857,0,8.1999999999999993,0
"2013-08-16","train",26.600000000000001,92,4.46,1000.8,8,"Aug","Monsoon",1000.8,0,4.46,0
"2013-08-17","train",27.428571428571427,91,14.285714285714286,999.42857142857144,8,"Aug","Monsoon",999.42857142857144,0,14.285714285714286,0
"2013-08-18","train",28.333333333333332,83.833333333333329,1.2333333333333334,1000.1666666666666,8,"Aug","Monsoon",1000.1666666666666,0,1.2333333333333334,0
"2013-08-19","train",28.166666666666668,84.666666666666671,5.5500000000000007,1000.5,8,"Aug","Monsoon",1000.5,0,5.5500000000000007,0
"2013-08-20","train",27.375,88.5,5.3250000000000002,999,8,"Aug","Monsoon",999,0,5.3250000000000002,0
"2013-08-21","train",28.333333333333332,81.166666666666671,10.314285714285717,999.28571428571433,8,"Aug","Monsoon",999.28571428571433,0,10.314285714285717,0
"2013-08-22","train",29.166666666666668,74.833333333333329,6.4833333333333343,1001.1666666666666,8,"Aug","Monsoon",1001.1666666666666,0,6.4833333333333343,0
"2013-08-23","train",31.285714285714285,73.142857142857139,2.6428571428571428,1001.4285714285714,8,"Aug","Monsoon",1001.4285714285714,0,2.6428571428571428,0
"2013-08-24","train",32,71.25,17.606249999999999,1000.3333333333334,8,"Aug","Monsoon",1000.3333333333334,0,18.524999999999999,1
"2013-08-25","train",29,90.75,0.92500000000000004,998.75,8,"Aug","Monsoon",998.75,0,0.92500000000000004,0
"2013-08-26","train",32,69.875,6.4749999999999996,997.85714285714289,8,"Aug","Monsoon",997.85714285714289,0,6.4749999999999996,0
"2013-08-27","train",32.142857142857146,57.285714285714285,17.071428571428573,999.85714285714289,8,"Aug","Monsoon",999.85714285714289,0,17.071428571428573,0
"2013-08-28","train",30.142857142857142,60.714285714285715,11.642857142857142,1003.7142857142857,8,"Aug","Monsoon",1003.7142857142857,0,11.642857142857142,0
"2013-08-29","train",31.5,57,9.2750000000000004,1003.25,8,"Aug","Monsoon",1003.25,0,9.2750000000000004,0
"2013-08-30","train",29.166666666666668,73,3.1000000000000001,1003.5,8,"Aug","Monsoon",1003.5,0,3.1000000000000001,0
"2013-08-31","train",29,71.75,4.6500000000000004,1003.25,8,"Aug","Monsoon",1003.25,0,4.6500000000000004,0
"2013-09-01","train",30,65.200000000000003,11.48,1003.2,9,"Sep","Monsoon",1003.2,0,11.48,0
"2013-09-02","train",31.857142857142858,50.857142857142854,15.342857142857142,1003.7142857142857,9,"Sep","Monsoon",1003.7142857142857,0,15.342857142857142,0
"2013-09-03","train",32.75,45.5,14.799999999999999,1001.5,9,"Sep","Monsoon",1001.5,0,14.799999999999999,0
"2013-09-04","train",31.714285714285715,48,14.542857142857141,1002.1666666666666,9,"Sep","Monsoon",1002.1666666666666,0,14.542857142857141,0
"2013-09-05","train",31.666666666666668,46,13.566666666666668,1001.5,9,"Sep","Monsoon",1001.5,0,13.566666666666668,0
"2013-09-06","train",30.571428571428573,55.714285714285715,10.042857142857144,1003.4285714285714,9,"Sep","Monsoon",1003.4285714285714,0,10.042857142857144,0
"2013-09-07","train",30.833333333333332,51.833333333333336,6.7833333333333341,1004.1666666666666,9,"Sep","Monsoon",1004.1666666666666,0,6.7833333333333341,0
"2013-09-08","train",28,71.75,2.3250000000000002,1007.25,9,"Sep","Monsoon",1007.25,0,2.3250000000000002,0
"2013-09-09","train",31,57.5,17.606249999999999,1007,9,"Sep","Monsoon",1007,0,42.219999999999999,1
"2013-09-10","train",29.666666666666668,66.333333333333329,3.6999999999999997,1005.3333333333334,9,"Sep","Monsoon",1005.3333333333334,0,3.6999999999999997,0
"2013-09-11","train",30.857142857142858,61.142857142857146,3.9714285714285711,1005.5714285714286,9,"Sep","Monsoon",1005.5714285714286,0,3.9714285714285711,0
"2013-09-12","train",31.166666666666668,60.333333333333336,2.7833333333333337,1008.1666666666666,9,"Sep","Monsoon",1008.1666666666666,0,2.7833333333333337,0
"2013-09-13","train",31.142857142857142,67.142857142857139,3.1714285714285717,1007.1428571428571,9,"Sep","Monsoon",1007.1428571428571,0,3.1714285714285717,0
"2013-09-14","train",30.5,67,2.7833333333333337,1003.8333333333334,9,"Sep","Monsoon",1003.8333333333334,0,2.7833333333333337,0
"2013-09-15","train",31.625,56.375,3.9375,1001.375,9,"Sep","Monsoon",1001.375,0,3.9375,0
"2013-09-16","train",29.666666666666668,60,7.1000000000000014,1002.3333333333334,9,"Sep","Monsoon",1002.3333333333334,0,7.1000000000000014,0
"2013-09-17","train",29.25,56.5,3.4750000000000001,1002.875,9,"Sep","Monsoon",1002.875,0,3.4750000000000001,0
"2013-09-18","train",29.142857142857142,58.571428571428569,5.5571428571428578,1003.1428571428571,9,"Sep","Monsoon",1003.1428571428571,0,5.5571428571428578,0
"2013-09-19","train",29.800000000000001,61.600000000000001,2.96,1001.8,9,"Sep","Monsoon",1001.8,0,2.96,0
"2013-09-20","train",28.666666666666668,70,9.5833333333333339,1003,9,"Sep","Monsoon",1003,0,9.5833333333333339,0
"2013-09-21","train",25.199999999999999,89,5.1799999999999997,1003,9,"Sep","Monsoon",1003,0,5.1799999999999997,0
"2013-09-22","train",28.333333333333332,79.666666666666671,3.0833333333333335,1001.6666666666666,9,"Sep","Monsoon",1001.6666666666666,0,3.0833333333333335,0
"2013-09-23","train",30.285714285714285,68,4.5,1001,9,"Sep","Monsoon",1001,0,4.5,0
"2013-09-24","train",30.75,65.75,5.7875000000000005,1002.75,9,"Sep","Monsoon",1002.75,0,5.7875000000000005,0
"2013-09-25","train",28.571428571428573,75,6.6142857142857148,1005.4285714285714,9,"Sep","Monsoon",1005.4285714285714,0,6.6142857142857148,0
"2013-09-26","train",28.199999999999999,78.799999999999997,4.0800000000000001,1006.6,9,"Sep","Monsoon",1006.6,0,4.0800000000000001,0
"2013-09-27","train",29,71.25,7.4125000000000005,1005.625,9,"Sep","Monsoon",1005.625,0,7.4125000000000005,0
"2013-09-28","train",30,67.333333333333329,1.2333333333333334,1005.3333333333334,9,"Sep","Monsoon",1005.3333333333334,0,1.2333333333333334,0
"2013-09-29","train",28.142857142857142,79.857142857142861,5.5571428571428578,1003.8571428571429,9,"Sep","Monsoon",1003.8571428571429,0,5.5571428571428578,0
"2013-09-30","train",26.857142857142858,84.571428571428569,4.2285714285714286,1004.7142857142857,9,"Sep","Monsoon",1004.7142857142857,0,4.2285714285714286,0
"2013-10-01","train",28.285714285714285,68.714285714285708,6.371428571428571,1007.7142857142857,10,"Oct","Post-monsoon",1007.7142857142857,0,6.371428571428571,0
"2013-10-02","train",29.199999999999999,61.399999999999999,7.4199999999999999,1010,10,"Oct","Post-monsoon",1010,0,7.4199999999999999,0
"2013-10-03","train",28.600000000000001,59,7.4000000000000004,1008.6,10,"Oct","Post-monsoon",1008.6,0,7.4000000000000004,0
"2013-10-04","train",24.833333333333332,84.333333333333329,6.7833333333333341,1007.5,10,"Oct","Post-monsoon",1007.5,0,6.7833333333333341,0
"2013-10-05","train",28.5,69,2.0874999999999999,1004.125,10,"Oct","Post-monsoon",1004.125,0,2.0874999999999999,0
"2013-10-06","train",29.75,66.5,1.8500000000000001,1005.25,10,"Oct","Post-monsoon",1005.25,0,1.8500000000000001,0
"2013-10-07","train",29.714285714285715,66.571428571428569,1.5857142857142859,1008.8571428571429,10,"Oct","Post-monsoon",1008.8571428571429,0,1.5857142857142859,0
"2013-10-08","train",29.199999999999999,69.400000000000006,0,1009.8,10,"Oct","Post-monsoon",1009.8,0,0,0
"2013-10-09","train",30.833333333333332,65.5,5.5666666666666673,1010.3333333333334,10,"Oct","Post-monsoon",1010.3333333333334,0,5.5666666666666673,0
"2013-10-10","train",29.428571428571427,66.285714285714292,3.9714285714285715,1010.8571428571429,10,"Oct","Post-monsoon",1010.8571428571429,0,3.9714285714285715,0
"2013-10-11","train",23.857142857142858,89.857142857142861,4.2428571428571429,1010.5714285714286,10,"Oct","Post-monsoon",1010.5714285714286,0,4.2428571428571429,0
"2013-10-12","train",26.142857142857142,82.571428571428569,2.9142857142857141,1008.2857142857143,10,"Oct","Post-monsoon",1008.2857142857143,0,2.9142857142857141,0
"2013-10-13","train",27.166666666666668,84.333333333333329,0.6166666666666667,1007.6666666666666,10,"Oct","Post-monsoon",1007.6666666666666,0,0.6166666666666667,0
"2013-10-14","train",27.714285714285715,74.857142857142861,5.5571428571428578,1007,10,"Oct","Post-monsoon",1007,0,5.5571428571428578,0
"2013-10-15","train",25.857142857142858,76.428571428571431,3.6999999999999997,1009.1428571428571,10,"Oct","Post-monsoon",1009.1428571428571,0,3.6999999999999997,0
"2013-10-16","train",26.428571428571427,75,0,1009,10,"Oct","Post-monsoon",1009,0,0,0
"2013-10-17","train",26.857142857142858,76.714285714285708,1.0571428571428572,1010.4285714285714,10,"Oct","Post-monsoon",1010.4285714285714,0,1.0571428571428572,0
"2013-10-18","train",26.333333333333332,73.166666666666671,0,1010.5,10,"Oct","Post-monsoon",1010.5,0,0,0
"2013-10-19","train",24.571428571428573,69.571428571428569,2.1142857142857143,1011.5714285714286,10,"Oct","Post-monsoon",1011.5714285714286,0,2.1142857142857143,0
"2013-10-20","train",24.333333333333332,67.833333333333329,1.55,1010.6666666666666,10,"Oct","Post-monsoon",1010.6666666666666,0,1.55,0
"2013-10-21","train",24.875,63.625,1.3875000000000002,1009.875,10,"Oct","Post-monsoon",1009.875,0,1.3875000000000002,0
"2013-10-22","train",27.800000000000001,53.600000000000001,0,1011,10,"Oct","Post-monsoon",1011,0,0,0
"2013-10-23","train",25,67.5,1.1625000000000001,1013.625,10,"Oct","Post-monsoon",1013.625,0,1.1625000000000001,0
"2013-10-24","train",23.857142857142858,73.142857142857139,1.0571428571428572,1013.2857142857143,10,"Oct","Post-monsoon",1013.2857142857143,0,1.0571428571428572,0
"2013-10-25","train",22.800000000000001,75.799999999999997,1.8600000000000001,1011,10,"Oct","Post-monsoon",1011,0,1.8600000000000001,0
"2013-10-26","train",23,78.200000000000003,0.73999999999999999,1011.2,10,"Oct","Post-monsoon",1011.2,0,0.73999999999999999,0
"2013-10-27","train",22.875,66.875,2.5500000000000003,1010.625,10,"Oct","Post-monsoon",1010.625,0,2.5500000000000003,0
"2013-10-28","train",22.666666666666668,63.166666666666664,4.9333333333333336,1010,10,"Oct","Post-monsoon",1010,0,4.9333333333333336,0
"2013-10-29","train",23,62.714285714285715,3.9714285714285711,1011.1428571428571,10,"Oct","Post-monsoon",1011.1428571428571,0,3.9714285714285711,0
"2013-10-30","train",22.857142857142858,67.428571428571431,2.3857142857142861,1012.8571428571429,10,"Oct","Post-monsoon",1012.8571428571429,0,2.3857142857142861,0
"2013-10-31","train",23.666666666666668,58.833333333333336,3.0833333333333335,1012.8333333333334,10,"Oct","Post-monsoon",1012.8333333333334,0,3.0833333333333335,0
"2013-11-01","train",23.428571428571427,69.142857142857139,1.0571428571428572,1013.2857142857143,11,"Nov","Post-monsoon",1013.2857142857143,0,1.0571428571428572,0
"2013-11-02","train",21.625,65,4.6375000000000002,1014.5,11,"Nov","Post-monsoon",1014.5,0,4.6375000000000002,0
"2013-11-03","train",20.625,57.875,5.5625,1016,11,"Nov","Post-monsoon",1016,0,5.5625,0
"2013-11-04","train",21.166666666666668,54.166666666666664,2.4666666666666668,1017.5,11,"Nov","Post-monsoon",1017.5,0,2.4666666666666668,0
"2013-11-05","train",18.833333333333332,74.333333333333329,0,1017.5,11,"Nov","Post-monsoon",1017.5,0,0,0
"2013-11-06","train",20.571428571428573,66.714285714285708,3.1857142857142855,1015.8571428571429,11,"Nov","Post-monsoon",1015.8571428571429,0,3.1857142857142855,0
"2013-11-07","train",20.142857142857142,73.142857142857139,4.5000000000000009,1015.6666666666666,11,"Nov","Post-monsoon",1015.6666666666666,0,4.5000000000000009,0
"2013-11-08","train",18,82.200000000000003,17.606249999999999,1015.625,11,"Nov","Post-monsoon",1015.625,0,19.912500000000001,1
"2013-11-09","train",19.857142857142858,73.571428571428569,0.52857142857142858,1016.7142857142857,11,"Nov","Post-monsoon",1016.7142857142857,0,0.52857142857142858,0
"2013-11-10","train",16.833333333333332,72,2.4666666666666668,1016,11,"Nov","Post-monsoon",1016,0,2.4666666666666668,0
"2013-11-11","train",18.857142857142858,61.857142857142854,5.8142857142857149,1013.4285714285714,11,"Nov","Post-monsoon",1013.4285714285714,0,5.8142857142857149,0
"2013-11-12","train",16.571428571428573,71.714285714285708,0.79999999999999993,1013.8571428571429,11,"Nov","Post-monsoon",1013.8571428571429,0,0.79999999999999993,0
"2013-11-13","train",17.75,65,3.0125000000000002,1014.25,11,"Nov","Post-monsoon",1014.25,0,3.0125000000000002,0
"2013-11-14","train",17.625,63.375,3.4750000000000001,1015.25,11,"Nov","Post-monsoon",1015.25,0,3.4750000000000001,0
"2013-11-15","train",17,67,0.92500000000000004,1016.5,11,"Nov","Post-monsoon",1016.5,0,0.92500000000000004,0
"2013-11-16","train",16.625,69.625,0,1018,11,"Nov","Post-monsoon",1018,0,0,0
"2013-11-17","train",15.571428571428571,67.428571428571431,2.3857142857142857,1017.7142857142857,11,"Nov","Post-monsoon",1017.7142857142857,0,2.3857142857142857,0
"2013-11-18","train",18.5,55.125,7.4125000000000014,1016.875,11,"Nov","Post-monsoon",1016.875,0,7.4125000000000014,0
"2013-11-19","train",17.875,63.5,7.1749999999999998,1015.5,11,"Nov","Post-monsoon",1015.5,0,7.1749999999999998,0
"2013-11-20","train",18.25,58.875,2.5499999999999998,1012.75,11,"Nov","Post-monsoon",1012.75,0,2.5499999999999998,0
"2013-11-21","train",17.875,66.25,2.0874999999999999,1013.125,11,"Nov","Post-monsoon",1013.125,0,2.0874999999999999,0
"2013-11-22","train",17.625,74.875,1.1625000000000001,1015.75,11,"Nov","Post-monsoon",1015.75,0,1.1625000000000001,0
"2013-11-23","train",18.142857142857142,77.857142857142861,0.79999999999999993,1014.5714285714286,11,"Nov","Post-monsoon",1014.5714285714286,0,0.79999999999999993,0
"2013-11-24","train",19.125,58.875,5.0875000000000004,1014.5,11,"Nov","Post-monsoon",1014.5,0,5.0875000000000004,0
"2013-11-25","train",21.25,49.875,9.5,1012.875,11,"Nov","Post-monsoon",1012.875,0,9.5,0
"2013-11-26","train",21.25,51.375,9.75,1011.75,11,"Nov","Post-monsoon",1011.75,0,9.75,0
"2013-11-27","train",19.125,68.5,2.7875000000000001,1014.75,11,"Nov","Post-monsoon",1014.75,0,2.7875000000000001,0
"2013-11-28","train",18.625,71.875,1.8500000000000001,1017.75,11,"Nov","Post-monsoon",1017.75,0,1.8500000000000001,0
"2013-11-29","train",17.75,66.625,4.8624999999999998,1016.875,11,"Nov","Post-monsoon",1016.875,0,4.8624999999999998,0
"2013-11-30","train",17.875,69.625,11.8125,1015.875,11,"Nov","Post-monsoon",1015.875,0,11.8125,0
"2013-12-01","train",18,65,1.5857142857142859,1016.1428571428571,12,"Dec","Winter",1016.1428571428571,0,1.5857142857142859,0
"2013-12-02","train",17.25,73.25,1.8500000000000001,1015.875,12,"Dec","Winter",1015.875,0,1.8500000000000001,0
"2013-12-03","train",17.5,73.5,1.3875,1016.75,12,"Dec","Winter",1016.75,0,1.3875,0
"2013-12-04","train",17.142857142857142,71.857142857142861,4.2285714285714286,1017,12,"Dec","Winter",1017,0,4.2285714285714286,0
"2013-12-05","train",17.142857142857142,69,6.8857142857142861,1015.2857142857143,12,"Dec","Winter",1015.2857142857143,0,6.8857142857142861,0
"2013-12-06","train",16.125,72.375,3.7125000000000004,1014,12,"Dec","Winter",1014,0,3.7125000000000004,0
"2013-12-07","train",16,80.5,1.1625000000000001,1014.25,12,"Dec","Winter",1014.25,0,1.1625000000000001,0
"2013-12-08","train",16.5,83.625,0,1014,12,"Dec","Winter",1014,0,0,0
"2013-12-09","train",16.125,79.25,2.3125,1013.5,12,"Dec","Winter",1013.5,0,2.3125,0
"2013-12-10","train",15.5,81.75,2.5499999999999998,1013.75,12,"Dec","Winter",1013.75,0,2.5499999999999998,0
"2013-12-11","train",16.625,71.875,6.4750000000000014,1014.125,12,"Dec","Winter",1014.125,0,6.4750000000000014,0
"2013-12-12","train",17.75,62.375,16.899999999999999,1012.5,12,"Dec","Winter",1012.5,0,16.899999999999999,0
"2013-12-13","train",17.142857142857142,67.714285714285708,11.62857142857143,1012,12,"Dec","Winter",1012,0,11.62857142857143,0
"2013-12-14","train",16.142857142857142,79,0.79999999999999993,1012.5714285714286,12,"Dec","Winter",1012.5714285714286,0,0.79999999999999993,0
"2013-12-15","train",15.5,86.25,2.5499999999999998,1015.125,12,"Dec","Winter",1015.125,0,2.5499999999999998,0
"2013-12-16","train",15.25,89.5,1.1625000000000001,1015.625,12,"Dec","Winter",1015.625,0,1.1625000000000001,0
"2013-12-17","train",14.75,92.875,0.92500000000000004,1014.25,12,"Dec","Winter",1014.25,0,0.92500000000000004,0
"2013-12-18","train",14.875,93,2.0874999999999999,1012.625,12,"Dec","Winter",1012.625,0,2.0874999999999999,0
"2013-12-19","train",16.125,89.125,3.2499999999999996,1012.875,12,"Dec","Winter",1012.875,0,3.2499999999999996,0
"2013-12-20","train",15.375,91.375,4.4125000000000005,1016,12,"Dec","Winter",1016,0,4.4125000000000005,0
"2013-12-21","train",14.75,94,0.46250000000000002,1017,12,"Dec","Winter",1017,0,0.46250000000000002,0
"2013-12-22","train",15.25,94,1.3875000000000002,1018.375,12,"Dec","Winter",1018.375,0,1.3875000000000002,0
"2013-12-23","train",14.25,88.25,9.0250000000000004,1020.5,12,"Dec","Winter",1020.5,0,9.0250000000000004,0
"2013-12-24","train",13.5,84.75,5.7875000000000005,1021.375,12,"Dec","Winter",1021.375,0,5.7875000000000005,0
"2013-12-25","train",13.666666666666666,63.166666666666664,17.606249999999999,1020.625,12,"Dec","Winter",1020.625,0,34.487499999999997,1
"2013-12-26","train",12.125,67.625,4.4000000000000004,1019.25,12,"Dec","Winter",1019.25,0,4.4000000000000004,0
"2013-12-27","train",11.875,79.875,1.1625000000000001,1018.625,12,"Dec","Winter",1018.625,0,1.1625000000000001,0
"2013-12-28","train",10.875,70,5.3250000000000002,1019.25,12,"Dec","Winter",1019.25,0,5.3250000000000002,0
"2013-12-29","train",10.571428571428571,69.428571428571431,5.3250000000000002,1018.5,12,"Dec","Winter",1018.5,0,5.3250000000000002,0
"2013-12-30","train",12.375,79.5,6.4750000000000005,1018.125,12,"Dec","Winter",1018.125,0,6.4750000000000005,0
"2013-12-31","train",14.5,89.375,4.8625000000000007,1020.5,12,"Dec","Winter",1020.5,0,4.8625000000000007,0
"2014-01-01","train",13.375,89.625,7.6500000000000004,1021,1,"Jan","Winter",1021,0,7.6500000000000004,0
"2014-01-02","train",11,78.375,8.0999999999999996,1020.25,1,"Jan","Winter",1020.25,0,8.0999999999999996,0
"2014-01-03","train",12.5,74.875,5.3250000000000002,1017.75,1,"Jan","Winter",1017.75,0,5.3250000000000002,0
"2014-01-04","train",12.875,88.125,1.1625000000000001,1016.25,1,"Jan","Winter",1016.25,0,1.1625000000000001,0
"2014-01-05","train",12.375,89,0.46250000000000002,1014.5,1,"Jan","Winter",1014.5,0,0.46250000000000002,0
"2014-01-06","train",11.428571428571429,86.285714285714292,17.606249999999999,1017.625,1,"Jan","Winter",1017.625,0,27.337499999999999,1
"2014-01-07","train",12.142857142857142,72.285714285714292,17.606249999999999,1017.75,1,"Jan","Winter",1017.75,0,20.599999999999998,1
"2014-01-08","train",11.875,76.875,1.8500000000000001,1017.875,1,"Jan","Winter",1017.875,0,1.8500000000000001,0
"2014-01-09","train",12.833333333333334,83,1.2333333333333334,1017,1,"Jan","Winter",1017,0,1.2333333333333334,0
"2014-01-10","train",12.375,85.375,0,1016.625,1,"Jan","Winter",1016.625,0,0,0
"2014-01-11","train",12.125,82.625,6.7250000000000005,1019.625,1,"Jan","Winter",1019.625,0,6.7250000000000005,0
"2014-01-12","train",12.875,80.875,3.2500000000000004,1020.75,1,"Jan","Winter",1020.75,0,3.2500000000000004,0
"2014-01-13","train",14,72.375,1.1625000000000001,1019.375,1,"Jan","Winter",1019.375,0,1.1625000000000001,0
"2014-01-14","train",14.875,76.75,2.7875000000000001,1017,1,"Jan","Winter",1017,0,2.7875000000000001,0
"2014-01-15","train",12,93.5,0.46250000000000002,1019.75,1,"Jan","Winter",1019.75,0,0.46250000000000002,0
"2014-01-16","train",12.285714285714286,90.571428571428569,1.5857142857142859,1019.5714285714286,1,"Jan","Winter",1019.5714285714286,0,1.5857142857142859,0
"2014-01-17","train",12,95.75,1.1625000000000001,1017.625,1,"Jan","Winter",1017.625,0,1.1625000000000001,0
"2014-01-18","train",12.5,94.25,1.8500000000000001,1020.25,1,"Jan","Winter",1020.25,0,1.8500000000000001,0
"2014-01-19","train",14.5,84.5,3.4749999999999996,1023,1,"Jan","Winter",1023,0,3.4749999999999996,0
"2014-01-20","train",14.625,83.5,4.4125000000000005,1021.375,1,"Jan","Winter",1021.375,0,4.4125000000000005,0
"2014-01-21","train",13.571428571428571,96.857142857142861,7.1714285714285717,1020.5714285714286,1,"Jan","Winter",1020.5714285714286,0,7.1714285714285717,0
"2014-01-22","train",15.25,96.125,6.7124999999999995,1019.875,1,"Jan","Winter",1019.875,0,6.7124999999999995,0
"2014-01-23","train",15.625,90.125,6.7125000000000004,1020.25,1,"Jan","Winter",1020.25,0,6.7125000000000004,0
"2014-01-24","train",13.875,88.875,8.1125000000000007,1019.25,1,"Jan","Winter",1019.25,0,8.1125000000000007,0
"2014-01-25","train",11.75,95.625,8.3375000000000004,1019.75,1,"Jan","Winter",1019.75,0,8.3375000000000004,0
"2014-01-26","train",14.375,85.75,8.8125,1019.125,1,"Jan","Winter",1019.125,0,8.8125,0
"2014-01-27","train",16.625,72.375,9.9500000000000011,1018.75,1,"Jan","Winter",1018.75,0,9.9500000000000011,0
"2014-01-28","train",16.625,69.875,7.4125000000000005,1016.75,1,"Jan","Winter",1016.75,0,7.4125000000000005,0
"2014-01-29","train",14.875,81.875,4.6250000000000009,1018.625,1,"Jan","Winter",1018.625,0,4.6250000000000009,0
"2014-01-30","train",14.5,83.25,0.92500000000000004,1019.375,1,"Jan","Winter",1019.375,0,0.92500000000000004,0
"2014-01-31","train",14.75,82.5,3.0125000000000002,1019.25,1,"Jan","Winter",1019.25,0,3.0125000000000002,0
"2014-02-01","train",14,79.375,2.5499999999999998,1019.75,2,"Feb","Winter",1019.75,0,2.5499999999999998,0
"2014-02-02","train",15.25,76.125,1.8500000000000001,1016.875,2,"Feb","Winter",1016.875,0,1.8500000000000001,0
"2014-02-03","train",18.428571428571427,63.857142857142854,12.2875,1014.125,2,"Feb","Winter",1014.125,0,12.2875,0
"2014-02-04","train",18.857142857142858,65.428571428571431,13.424999999999999,1011,2,"Feb","Winter",1011,0,13.424999999999999,0
"2014-02-05","train",17,72.75,1.625,1011.5,2,"Feb","Winter",1011.5,0,1.625,0
"2014-02-06","train",18.5,65.375,6.0125000000000011,1010.875,2,"Feb","Winter",1010.875,0,6.0125000000000011,0
"2014-02-07","train",19.625,67.25,15.049999999999999,1009.25,2,"Feb","Winter",1009.25,0,15.049999999999999,0
"2014-02-08","train",13.625,85.375,8.1125000000000007,1011.375,2,"Feb","Winter",1011.375,0,8.1125000000000007,0
"2014-02-09","train",12.875,63.375,9.2624999999999993,1012,2,"Feb","Winter",1012,0,9.2624999999999993,0
"2014-02-10","train",12.625,61.75,3.7000000000000002,1012.5,2,"Feb","Winter",1012.5,0,3.7000000000000002,0
"2014-02-11","train",13.375,64.625,3.7000000000000002,1013.5,2,"Feb","Winter",1013.5,0,3.7000000000000002,0
"2014-02-12","train",13.25,67,9.2625000000000011,1013.5,2,"Feb","Winter",1013.5,0,9.2625000000000011,0
"2014-02-13","train",15.25,64.5,4.875,1013.625,2,"Feb","Winter",1013.625,0,4.875,0
"2014-02-14","train",13,95.5,5.3375000000000004,1011.875,2,"Feb","Winter",1011.875,0,5.3375000000000004,0
"2014-02-15","train",12.375,89.5,3.9375,1012.875,2,"Feb","Winter",1012.875,0,3.9375,0
"2014-02-16","train",13.5,79,8.7874999999999996,1016,2,"Feb","Winter",1016,0,8.7874999999999996,0
"2014-02-17","train",15.125,66.125,12.725,1017.75,2,"Feb","Winter",1017.75,0,12.725,0
"2014-02-18","train",15.25,60.125,8.7999999999999989,1017.375,2,"Feb","Winter",1017.375,0,8.7999999999999989,0
"2014-02-19","train",15.125,75.375,1.8500000000000001,1016.625,2,"Feb","Winter",1016.625,0,1.8500000000000001,0
"2014-02-20","train",16.125,78.625,1.8625,1014.75,2,"Feb","Winter",1014.75,0,1.8625,0
"2014-02-21","train",17.125,72.25,8.7874999999999996,1014.25,2,"Feb","Winter",1014.25,0,8.7874999999999996,0
"2014-02-22","train",16.625,85.625,6.2500000000000009,1017.375,2,"Feb","Winter",1017.375,0,6.2500000000000009,0
"2014-02-23","train",16.5,80,7.8875000000000011,1019.375,2,"Feb","Winter",1019.375,0,7.8875000000000011,0
"2014-02-24","train",16.375,69.375,5.3375000000000004,1018.625,2,"Feb","Winter",1018.625,0,5.3375000000000004,0
"2014-02-25","train",18.125,69,0.92500000000000004,1017.25,2,"Feb","Winter",1017.25,0,0.92500000000000004,0
"2014-02-26","train",18.75,71.125,2.0874999999999999,1014.25,2,"Feb","Winter",1014.25,0,2.0874999999999999,0
"2014-02-27","train",18.625,76.625,7.1750000000000007,1013.125,2,"Feb","Winter",1013.125,0,7.1750000000000007,0
"2014-02-28","train",15.625,88.375,5.7999999999999989,1013.125,2,"Feb","Winter",1013.125,0,5.7999999999999989,0
"2014-03-01","train",16.142857142857142,87.285714285714292,4.2428571428571429,1015.2857142857143,3,"Mar","Summer",1015.2857142857143,0,4.2428571428571429,0
"2014-03-02","train",16.125,79,5.7875000000000005,1017.125,3,"Mar","Summer",1017.125,0,5.7875000000000005,0
"2014-03-03","train",17.875,65.625,3.7000000000000002,1016.25,3,"Mar","Summer",1016.25,0,3.7000000000000002,0
"2014-03-04","train",18.75,66.375,3.7125000000000004,1016.5,3,"Mar","Summer",1016.5,0,3.7125000000000004,0
"2014-03-05","train",18.875,67,5.3250000000000011,1016.125,3,"Mar","Summer",1016.125,0,5.3250000000000011,0
"2014-03-06","train",18.375,64,4.6375000000000002,1016.375,3,"Mar","Summer",1016.375,0,4.6375000000000002,0
"2014-03-07","train",18.5,62.875,6.7125000000000004,1017.125,3,"Mar","Summer",1017.125,0,6.7125000000000004,0
"2014-03-08","train",19.875,63.875,9.9625000000000004,1017,3,"Mar","Summer",1017,0,9.9625000000000004,0
"2014-03-09","train",22,56.625,7.6500000000000004,1014.5,3,"Mar","Summer",1014.5,0,7.6500000000000004,0
"2014-03-10","train",20,63.875,10.887499999999999,1014.375,3,"Mar","Summer",1014.375,0,10.887499999999999,0
"2014-03-11","train",20.714285714285715,70,15.6,1013.7142857142857,3,"Mar","Summer",1013.7142857142857,0,15.6,0
"2014-03-12","train",20,68.875,6.4874999999999998,1016.25,3,"Mar","Summer",1016.25,0,6.4874999999999998,0
"2014-03-13","train",19,60.625,9.9500000000000011,1016.25,3,"Mar","Summer",1016.25,0,9.9500000000000011,0
"2014-03-14","train",19.625,61.25,5.8000000000000007,1015,3,"Mar","Summer",1015,0,5.8000000000000007,0
"2014-03-15","train",21.625,62.625,2.7875000000000001,1016.375,3,"Mar","Summer",1016.375,0,2.7875000000000001,0
"2014-03-16","train",23.125,58.5,6.25,1015.375,3,"Mar","Summer",1015.375,0,6.25,0
"2014-03-17","train",26.25,52.125,6.7125000000000004,1011.25,3,"Mar","Summer",1011.25,0,6.7125000000000004,0
"2014-03-18","train",24.857142857142858,53.428571428571431,9.7999999999999989,1012.8571428571429,3,"Mar","Summer",1012.8571428571429,0,9.7999999999999989,0
"2014-03-19","train",21.75,57.375,10.1875,1013.25,3,"Mar","Summer",1013.25,0,10.1875,0
"2014-03-20","train",21.5,55,7.4000000000000004,1010.75,3,"Mar","Summer",1010.75,0,7.4000000000000004,0
"2014-03-21","train",22.5,64.75,5.3375000000000004,1007.125,3,"Mar","Summer",1007.125,0,5.3375000000000004,0
"2014-03-22","train",25,59.5,3.0124999999999997,1007,3,"Mar","Summer",1007,0,3.0124999999999997,0
"2014-03-23","train",22.75,61.875,9.0250000000000004,1010.625,3,"Mar","Summer",1010.625,0,9.0250000000000004,0
"2014-03-24","train",22.375,73.125,9.4874999999999989,1011.625,3,"Mar","Summer",1011.625,0,9.4874999999999989,0
"2014-03-25","train",24.625,60.25,2.7749999999999999,1010.5,3,"Mar","Summer",1010.5,0,2.7749999999999999,0
"2014-03-26","train",25.125,58.875,2.7750000000000004,1010.625,3,"Mar","Summer",1010.625,0,2.7750000000000004,0
"2014-03-27","train",23.5,63.25,4.8875000000000002,1011.75,3,"Mar","Summer",1011.75,0,4.8875000000000002,0
"2014-03-28","train",24.428571428571427,67.571428571428569,4.5,1011.1428571428571,3,"Mar","Summer",1011.1428571428571,0,4.5,0
"2014-03-29","train",25.875,55.625,8.3499999999999996,1011.25,3,"Mar","Summer",1011.25,0,8.3499999999999996,0
"2014-03-30","train",24.125,46.75,13.9,1009.875,3,"Mar","Summer",1009.875,0,13.9,0
"2014-03-31","train",24.125,44.125,13.200000000000001,1008.25,3,"Mar","Summer",1008.25,0,13.200000000000001,0
"2014-04-01","train",24.875,45.75,9.7124999999999986,1006.125,4,"Apr","Summer",1006.125,0,9.7124999999999986,0
"2014-04-02","train",26.75,43.375,7.1749999999999998,1005.75,4,"Apr","Summer",1005.75,0,7.1749999999999998,0
"2014-04-03","train",25,48,10.424999999999999,1010.375,4,"Apr","Summer",1010.375,0,10.424999999999999,0
"2014-04-04","train",25.857142857142858,47.857142857142854,11.914285714285715,1009.8571428571429,4,"Apr","Summer",1009.8571428571429,0,11.914285714285715,0
"2014-04-05","train",27.375,44,9.2624999999999993,1008.875,4,"Apr","Summer",1008.875,0,9.2624999999999993,0
"2014-04-06","train",30.125,45.25,6.7125000000000004,1007.5,4,"Apr","Summer",1007.5,0,6.7125000000000004,0
"2014-04-07","train",27.25,47.625,12.9625,1009.625,4,"Apr","Summer",1009.625,0,12.9625,0
"2014-04-08","train",25.75,41.875,12.725,1010.375,4,"Apr","Summer",1010.375,0,12.725,0
"2014-04-09","train",25.75,35.25,12.737500000000001,1010.25,4,"Apr","Summer",1010.25,0,12.737500000000001,0
"2014-04-10","train",26.375,29.25,12.500000000000002,1010.875,4,"Apr","Summer",1010.875,0,12.500000000000002,0
"2014-04-11","train",28.142857142857142,29,10.057142857142859,1008.5714285714286,4,"Apr","Summer",1008.5714285714286,0,10.057142857142859,0
"2014-04-12","train",29.125,39.875,5.1000000000000005,1007.125,4,"Apr","Summer",1007.125,0,5.1000000000000005,0
"2014-04-13","train",26.875,40.375,15.512499999999999,1009.625,4,"Apr","Summer",1009.625,0,15.512499999999999,0
"2014-04-14","train",27.625,46.625,5.3500000000000005,1010.625,4,"Apr","Summer",1010.625,0,5.3500000000000005,0
"2014-04-15","train",29,48.125,2.5499999999999998,1009.125,4,"Apr","Summer",1009.125,0,2.5499999999999998,0
"2014-04-16","train",27.125,53.625,4.4000000000000004,1008.25,4,"Apr","Summer",1008.25,0,4.4000000000000004,0
"2014-04-17","train",26.375,49.625,9.25,1007,4,"Apr","Summer",1007,0,9.25,0
"2014-04-18","train",24.25,64.375,14.3375,1011.625,4,"Apr","Summer",1011.625,0,14.3375,0
"2014-04-19","train",25.625,57.875,5.0999999999999996,1011.375,4,"Apr","Summer",1011.375,0,5.0999999999999996,0
"2014-04-20","train",27,48,4.6375000000000002,1010.5,4,"Apr","Summer",1010.5,0,4.6375000000000002,0
"2014-04-21","train",28,33.125,8.8125,1010,4,"Apr","Summer",1010,0,8.8125,0
"2014-04-22","train",29.375,29.375,12.5,1011.75,4,"Apr","Summer",1011.75,0,12.5,0
"2014-04-23","train",29.125,37,6.0249999999999995,1009,4,"Apr","Summer",1009,0,6.0249999999999995,0
"2014-04-24","train",29.375,35.875,7.875,1005.875,4,"Apr","Summer",1005.875,0,7.875,0
"2014-04-25","train",30.625,34.375,8.1125000000000007,1006.125,4,"Apr","Summer",1006.125,0,8.1125000000000007,0
"2014-04-26","train",31.5,32,8.1125000000000007,1006.375,4,"Apr","Summer",1006.375,0,8.1125000000000007,0
"2014-04-27","train",30.625,30,8.3500000000000014,1007.125,4,"Apr","Summer",1007.125,0,8.3500000000000014,0
"2014-04-28","train",31.5,27.875,10.1875,1005.625,4,"Apr","Summer",1005.625,0,10.1875,0
"2014-04-29","train",32.125,28.875,8.3249999999999993,1003.875,4,"Apr","Summer",1003.875,0,8.3249999999999993,0
"2014-04-30","train",33.25,25.5,5.3375000000000004,1003.75,4,"Apr","Summer",1003.75,0,5.3375000000000004,0
"2014-05-01","train",34.875,22.5,9.7375000000000007,1001.5,5,"May","Summer",1001.5,0,9.7375000000000007,0
"2014-05-02","train",34.375,24.75,6.4874999999999998,1001.875,5,"May","Summer",1001.875,0,6.4874999999999998,0
"2014-05-03","train",31.75,33.375,6.4749999999999996,1003.625,5,"May","Summer",1003.625,0,6.4749999999999996,0
"2014-05-04","train",31.875,34.375,5.7999999999999998,1003,5,"May","Summer",1003,0,5.7999999999999998,0
"2014-05-05","train",29.75,53.25,9.0375000000000014,1005.75,5,"May","Summer",1005.75,0,9.0375000000000014,0
"2014-05-06","train",29.571428571428573,51.142857142857146,6.885714285714287,1006.8571428571429,5,"May","Summer",1006.8571428571429,0,6.885714285714287,0
"2014-05-07","train",31.75,48.625,1.8500000000000001,1004.25,5,"May","Summer",1004.25,0,1.8500000000000001,0
"2014-05-08","train",31.375,43,10.662500000000001,1002.625,5,"May","Summer",1002.625,0,10.662500000000001,0
"2014-05-09","train",30.5,39.625,6.4875000000000007,1000.4285714285714,5,"May","Summer",1000.4285714285714,0,6.4875000000000007,0
"2014-05-10","train",30,37.625,7.8875000000000002,1000.75,5,"May","Summer",1000.75,0,7.8875000000000002,0
"2014-05-11","train",29.625,40.375,7.6500000000000004,1004,5,"May","Summer",1004,0,7.6500000000000004,0
"2014-05-12","train",28,53.375,10.887500000000001,1004.875,5,"May","Summer",1004.875,0,10.887500000000001,0
"2014-05-13","train",25.25,65.75,9.9625000000000004,1008.375,5,"May","Summer",1008.375,0,9.9625000000000004,0
"2014-05-14","train",26.875,55.25,8.5750000000000011,1006.5,5,"May","Summer",1006.5,0,8.5750000000000011,0
"2014-05-15","train",29.5,39.875,11.125,1004.25,5,"May","Summer",1004.25,0,11.125,0
"2014-05-16","train",31.125,40.25,9.4875000000000007,1003.5,5,"May","Summer",1003.5,0,9.4875000000000007,0
"2014-05-17","train",29.875,47.625,7.1750000000000007,1007,5,"May","Summer",1007,0,7.1750000000000007,0
"2014-05-18","train",31.5,35.375,13.899999999999999,1007.375,5,"May","Summer",1007.375,0,13.899999999999999,0
"2014-05-19","train",32.375,29.5,11.575000000000003,1006.625,5,"May","Summer",1006.625,0,11.575000000000003,0
"2014-05-20","train",31.125,34,7.6375000000000002,1006.625,5,"May","Summer",1006.625,0,7.6375000000000002,0
"2014-05-21","train",33,32.5,9.7125000000000004,1002.125,5,"May","Summer",1002.125,0,9.7125000000000004,0
"2014-05-22","train",33.25,33.375,11.112499999999999,999.5,5,"May","Summer",999.5,0,11.112499999999999,0
"2014-05-23","train",34.625,32.75,17.606249999999999,1000,5,"May","Summer",1000,0,19.450000000000003,1
"2014-05-24","train",31.5,50.5,6.7249999999999996,1004.125,5,"May","Summer",1004.125,0,6.7249999999999996,0
"2014-05-25","train",31.5,43.25,16.4375,1005.5,5,"May","Summer",1005.5,0,16.4375,0
"2014-05-26","train",30.125,54.125,4.1749999999999998,1007.125,5,"May","Summer",1007.125,0,4.1749999999999998,0
"2014-05-27","train",31.875,49.75,2.5499999999999998,1004.75,5,"May","Summer",1004.75,0,2.5499999999999998,0
"2014-05-28","train",33.625,44.5,3.9500000000000002,1001.25,5,"May","Summer",1001.25,0,3.9500000000000002,0
"2014-05-29","train",35.25,40.125,4.4000000000000004,999.375,5,"May","Summer",999.375,0,4.4000000000000004,0
"2014-05-30","train",33.125,44.5,11.5875,999.57142857142856,5,"May","Summer",999.57142857142856,0,11.5875,0
"2014-05-31","train",34.625,39,6.4874999999999998,999.625,5,"May","Summer",999.625,0,6.4874999999999998,0
"2014-06-01","train",32.75,34.25,16.199999999999999,1003.25,6,"Jun","Monsoon",1003.25,0,16.199999999999999,0
"2014-06-02","train",32.75,41.375,4.6375000000000002,1003.25,6,"Jun","Monsoon",1003.25,0,4.6375000000000002,0
"2014-06-03","train",34.875,33.625,6.4875000000000007,1000,6,"Jun","Monsoon",1000,0,6.4875000000000007,0
"2014-06-04","train",35.25,33.125,7.1875,998.125,6,"Jun","Monsoon",998.125,0,7.1875,0
"2014-06-05","train",36.875,26.875,8.5625,996.125,6,"Jun","Monsoon",996.125,0,8.5625,0
"2014-06-06","train",37.5,27.625,10.199999999999999,994.875,6,"Jun","Monsoon",994.875,0,10.199999999999999,0
"2014-06-07","train",38.5,22.75,13.1875,994,6,"Jun","Monsoon",994,0,13.1875,0
"2014-06-08","train",37.625,26.25,6.7250000000000005,993.125,6,"Jun","Monsoon",993.125,0,6.7250000000000005,0
"2014-06-09","train",37.875,32.125,6.0250000000000004,993.125,6,"Jun","Monsoon",993.125,0,6.0250000000000004,0
"2014-06-10","train",37.25,20.875,12.0375,994.75,6,"Jun","Monsoon",994.75,0,12.0375,0
"2014-06-11","train",37.625,23.125,14.8125,995.625,6,"Jun","Monsoon",995.625,0,14.8125,0
"2014-06-12","train",32.875,39.25,17.606249999999999,997,6,"Jun","Monsoon",997,0,24.324999999999999,1
"2014-06-13","train",30.25,55.125,16.662500000000001,997.625,6,"Jun","Monsoon",997.625,0,16.662500000000001,0
"2014-06-14","train",30.5,66.875,6.4875000000000007,997.375,6,"Jun","Monsoon",997.375,0,6.4875000000000007,0
"2014-06-15","train",33.875,52,8.0999999999999996,997.125,6,"Jun","Monsoon",997.125,0,8.0999999999999996,0
"2014-06-16","train",36.375,41.375,10.887500000000001,995.625,6,"Jun","Monsoon",995.625,0,10.887500000000001,0
"2014-06-17","train",36.875,42.125,15.962499999999999,994.125,6,"Jun","Monsoon",994.125,0,15.962499999999999,0
"2014-06-18","train",33.875,58,10.425000000000001,994.25,6,"Jun","Monsoon",994.25,0,10.425000000000001,0
"2014-06-19","train",35.75,47.875,10.887499999999999,993.25,6,"Jun","Monsoon",993.25,0,10.887499999999999,0
"2014-06-20","train",38,36.125,17.606249999999999,991.375,6,"Jun","Monsoon",991.375,0,17.824999999999999,1
"2014-06-21","train",36.875,40.125,9.7375000000000007,993.875,6,"Jun","Monsoon",993.875,0,9.7375000000000007,0
"2014-06-22","train",34.5,46.75,4.4000000000000004,996.375,6,"Jun","Monsoon",996.375,0,4.4000000000000004,0
"2014-06-23","train",32.125,49.75,6.7125000000000004,996.25,6,"Jun","Monsoon",996.25,0,6.7125000000000004,0
"2014-06-24","train",33,46.25,10.1875,995.5,6,"Jun","Monsoon",995.5,0,10.1875,0
"2014-06-25","train",32.25,53.25,13.199999999999999,997.625,6,"Jun","Monsoon",997.625,0,13.199999999999999,0
"2014-06-26","train",32.5,60.375,3.2374999999999998,1001,6,"Jun","Monsoon",1001,0,3.2374999999999998,0
"2014-06-27","train",34.75,48.5,9.4874999999999989,1001.625,6,"Jun","Monsoon",1001.625,0,9.4874999999999989,0
"2014-06-28","train",34.875,49,5.7874999999999996,999.375,6,"Jun","Monsoon",999.375,0,5.7874999999999996,0
"2014-06-29","train",33,57.75,9.7125000000000004,997.75,6,"Jun","Monsoon",997.75,0,9.7125000000000004,0
"2014-06-30","train",32,67.75,3.2499999999999996,997.5,6,"Jun","Monsoon",997.5,0,3.2499999999999996,0
"2014-07-01","train",31.375,65.125,6.25,1000.875,7,"Jul","Monsoon",1000.875,0,6.25,0
"2014-07-02","train",29.5,71.375,5.7875000000000014,1001.125,7,"Jul","Monsoon",1001.125,0,5.7875000000000014,0
"2014-07-03","train",28.875,75.125,5.0875000000000004,998.28571428571433,7,"Jul","Monsoon",998.28571428571433,0,5.0875000000000004,0
"2014-07-04","train",31.388888888888889,69,4.333333333333333,998.77777777777783,7,"Jul","Monsoon",998.77777777777783,0,4.333333333333333,0
"2014-07-05","train",34.705882352941174,52.058823529411768,9.2029411764705884,1000.7058823529412,7,"Jul","Monsoon",1000.7058823529412,0,9.2029411764705884,0
"2014-07-06","train",30.625,61.125,3.7124999999999999,1000.5,7,"Jul","Monsoon",1000.5,0,3.7124999999999999,0
"2014-07-07","train",34,48.75,5.5625,998.25,7,"Jul","Monsoon",998.25,0,5.5625,0
"2014-07-08","train",35,39.5,9.7250000000000014,996.875,7,"Jul","Monsoon",996.875,0,9.7250000000000014,0
"2014-07-09","train",36,37.125,13.65,996.5,7,"Jul","Monsoon",996.5,0,13.65,0
"2014-07-10","train",36.125,38.75,11.3375,996.875,7,"Jul","Monsoon",996.875,0,11.3375,0
"2014-07-11","train",36.625,38.625,8.7874999999999996,996.125,7,"Jul","Monsoon",996.125,0,8.7874999999999996,0
"2014-07-12","train",35.875,51.375,5.3375000000000004,996,7,"Jul","Monsoon",996,0,5.3375000000000004,0
"2014-07-13","train",31.625,69.75,6.0250000000000004,998,7,"Jul","Monsoon",998,0,6.0250000000000004,0
"2014-07-14","train",32.375,67.875,6.7249999999999996,997.125,7,"Jul","Monsoon",997.125,0,6.7249999999999996,0
"2014-07-15","train",33.125,62.625,8.8250000000000011,996,7,"Jul","Monsoon",996,0,8.8250000000000011,0
"2014-07-16","train",32.625,63,10.449999999999999,997.25,7,"Jul","Monsoon",997.25,0,10.449999999999999,0
"2014-07-17","train",30.75,74.25,6.7250000000000005,996.125,7,"Jul","Monsoon",996.125,0,6.7250000000000005,0
"2014-07-18","train",27.25,83.875,2.5499999999999998,994.875,7,"Jul","Monsoon",994.875,0,2.5499999999999998,0
"2014-07-19","train",29.875,71,6.25,995.125,7,"Jul","Monsoon",995.125,0,6.25,0
"2014-07-20","train",30.875,68.875,6.2624999999999993,996.75,7,"Jul","Monsoon",996.75,0,6.2624999999999993,0
"2014-07-21","train",32.125,65.5,4.6500000000000004,996,7,"Jul","Monsoon",996,0,4.6500000000000004,0
"2014-07-22","train",31.625,69.75,7.1749999999999998,997,7,"Jul","Monsoon",997,0,7.1749999999999998,0
"2014-07-23","train",30.625,72.875,8.1125000000000007,997.75,7,"Jul","Monsoon",997.75,0,8.1125000000000007,0
"2014-07-24","train",30.5,63.625,12.0375,998.71428571428567,7,"Jul","Monsoon",998.71428571428567,0,12.0375,0
"2014-07-25","train",30.75,63.25,9.9625000000000004,1000.75,7,"Jul","Monsoon",1000.75,0,9.9625000000000004,0
"2014-07-26","train",32.5,61.5,7.1749999999999998,1001.875,7,"Jul","Monsoon",1001.875,0,7.1749999999999998,0
"2014-07-27","train",31.714285714285715,65.428571428571431,6.25,1001.875,7,"Jul","Monsoon",1001.875,0,6.25,0
"2014-07-28","train",30,75.75,17.606249999999999,999.375,7,"Jul","Monsoon",999.375,0,18.050000000000001,1
"2014-07-29","train",30.25,69.875,5.7875000000000005,999.25,7,"Jul","Monsoon",999.25,0,5.7875000000000005,0
"2014-07-30","train",31.875,65.75,4.1750000000000007,999.57142857142856,7,"Jul","Monsoon",999.57142857142856,0,4.1750000000000007,0
"2014-07-31","train",32.5,65.75,7.4249999999999998,999.625,7,"Jul","Monsoon",999.625,0,7.4249999999999998,0
"2014-08-01","train",33.25,59.5,6.5000000000000009,998,8,"Aug","Monsoon",998,0,6.5000000000000009,0
"2014-08-02","train",30.125,77.75,0.92500000000000004,997.125,8,"Aug","Monsoon",997.125,0,0.92500000000000004,0
"2014-08-03","train",31.5,66.25,5.7875000000000005,995.375,8,"Aug","Monsoon",995.375,0,5.7875000000000005,0
"2014-08-04","train",30.5,69.75,5.1000000000000005,996.125,8,"Aug","Monsoon",996.125,0,5.1000000000000005,0
"2014-08-05","train",29.75,77.5,1.8500000000000001,997.5,8,"Aug","Monsoon",997.5,0,1.8500000000000001,0
"2014-08-06","train",32.125,65,5.5625,996.875,8,"Aug","Monsoon",996.875,0,5.5625,0
"2014-08-07","train",31.125,65.375,6.9499999999999993,997,8,"Aug","Monsoon",997,0,6.9499999999999993,0
"2014-08-08","train",31,67.875,6.0125000000000011,998.375,8,"Aug","Monsoon",998.375,0,6.0125000000000011,0
"2014-08-09","train",29.235294117647058,80.470588235294116,6.6529411764705877,1001.6470588235294,8,"Aug","Monsoon",1001.6470588235294,0,6.6529411764705877,0
"2014-08-10","train",28.5,89.90625,5.2250000000000005,1002.15625,8,"Aug","Monsoon",1002.15625,0,5.2250000000000005,0
"2014-08-11","train",31.125,72.125,3.0124999999999997,999.875,8,"Aug","Monsoon",999.875,0,3.0124999999999997,0
"2014-08-12","train",32.125,57.5,8.3375000000000004,998.75,8,"Aug","Monsoon",998.75,0,8.3375000000000004,0
"2014-08-13","train",32.125,57.714285714285715,17.606249999999999,998.25,8,"Aug","Monsoon",998.25,0,20.824999999999999,1
"2014-08-14","train",30.375,57.5,17.606249999999999,997.375,8,"Aug","Monsoon",997.375,0,18.512499999999999,1
"2014-08-15","train",31.125,54.875,14.587499999999999,998.875,8,"Aug","Monsoon",998.875,0,14.587499999999999,0
"2014-08-16","train",30.428571428571427,59.857142857142854,8.3499999999999996,1002.5,8,"Aug","Monsoon",1002.5,0,8.3499999999999996,0
"2014-08-17","train",31.375,53.875,7.1875,1003.25,8,"Aug","Monsoon",1003.25,0,7.1875,0
"2014-08-18","train",31.875,56.625,5.5625,1005.375,8,"Aug","Monsoon",1005.375,0,5.5625,0
"2014-08-19","train",33,52.428571428571431,6.8857142857142861,1004.8571428571429,8,"Aug","Monsoon",1004.8571428571429,0,6.8857142857142861,0
"2014-08-20","train",33.25,47.125,8.7874999999999996,1002.375,8,"Aug","Monsoon",1002.375,0,8.7874999999999996,0
"2014-08-21","train",32.5,43,10.887499999999999,1001.25,8,"Aug","Monsoon",1001.25,0,10.887499999999999,0
"2014-08-22","train",33,47.125,8.5625,1002.8571428571429,8,"Aug","Monsoon",1002.8571428571429,0,8.5625,0
"2014-08-23","train",33.125,45.75,9.2624999999999993,1003.25,8,"Aug","Monsoon",1003.25,0,9.2624999999999993,0
"2014-08-24","train",33.125,46.25,11.350000000000001,1002.875,8,"Aug","Monsoon",1002.875,0,11.350000000000001,0
"2014-08-25","train",33.875,46.625,7.8749999999999991,1002.375,8,"Aug","Monsoon",1002.375,0,7.8749999999999991,0
"2014-08-26","train",34.125,40.25,9.9624999999999986,1001.375,8,"Aug","Monsoon",1001.375,0,9.9624999999999986,0
"2014-08-27","train",33.857142857142854,44.714285714285715,8.1124999999999989,1001.125,8,"Aug","Monsoon",1001.125,0,8.1124999999999989,0
"2014-08-28","train",29.625,67.75,6.7250000000000005,1003.75,8,"Aug","Monsoon",1003.75,0,6.7250000000000005,0
"2014-08-29","train",30.375,69.25,3.7000000000000002,1003.5,8,"Aug","Monsoon",1003.5,0,3.7000000000000002,0
"2014-08-30","train",28.625,78.125,4.1624999999999996,1002.625,8,"Aug","Monsoon",1002.625,0,4.1624999999999996,0
"2014-08-31","train",27.625,86.125,4.4124999999999996,1001.25,8,"Aug","Monsoon",1001.25,0,4.4124999999999996,0
"2014-09-01","train",29.428571428571427,65.857142857142861,15.512499999999999,1001.125,9,"Sep","Monsoon",1001.125,0,15.512499999999999,0
"2014-09-02","train",29.25,71,10.424999999999999,1001.875,9,"Sep","Monsoon",1001.875,0,10.424999999999999,0
"2014-09-03","train",28.625,77.875,15.0375,1001.4285714285714,9,"Sep","Monsoon",1001.4285714285714,0,15.0375,0
"2014-09-04","train",27.875,80.75,9.2750000000000004,1000.375,9,"Sep","Monsoon",1000.375,0,9.2750000000000004,0
"2014-09-05","train",26.5,85.75,8.3374999999999986,1000.1428571428571,9,"Sep","Monsoon",1000.1428571428571,0,8.3374999999999986,0
"2014-09-06","train",28.5,76.875,2.0874999999999999,1002.375,9,"Sep","Monsoon",1002.375,0,2.0874999999999999,0
"2014-09-07","train",31,67.625,1.3999999999999999,1003.25,9,"Sep","Monsoon",1003.25,0,1.3999999999999999,0
"2014-09-08","train",31.25,66.375,3.4750000000000001,1003.125,9,"Sep","Monsoon",1003.125,0,3.4750000000000001,0
"2014-09-09","train",31,70.125,1.8500000000000001,1002.375,9,"Sep","Monsoon",1002.375,0,1.8500000000000001,0
"2014-09-10","train",28.75,77.5,4.875,1003.25,9,"Sep","Monsoon",1003.25,0,4.875,0
"2014-09-11","train",26.571428571428573,85.714285714285708,17.606249999999999,1005.5714285714286,9,"Sep","Monsoon",1005.5714285714286,0,17.824999999999999,1
"2014-09-12","train",28.5,73,1.625,1005.125,9,"Sep","Monsoon",1005.125,0,1.625,0
"2014-09-13","train",29.375,68.25,4.1624999999999996,1004,9,"Sep","Monsoon",1004,0,4.1624999999999996,0
"2014-09-14","train",29.125,65.5,6.7125000000000012,1004.25,9,"Sep","Monsoon",1004.25,0,6.7125000000000012,0
"2014-09-15","train",29.625,63.125,6.7125000000000004,1004.25,9,"Sep","Monsoon",1004.25,0,6.7125000000000004,0
"2014-09-16","train",30.625,65.125,6.25,1002.25,9,"Sep","Monsoon",1002.25,0,6.25,0
"2014-09-17","train",30.625,61.875,7.4000000000000004,1002.125,9,"Sep","Monsoon",1002.125,0,7.4000000000000004,0
"2014-09-18","train",30.5,62.375,6.7125000000000004,1003.875,9,"Sep","Monsoon",1003.875,0,6.7125000000000004,0
"2014-09-19","train",31,56.625,4.1750000000000007,1003.5,9,"Sep","Monsoon",1003.5,0,4.1750000000000007,0
"2014-09-20","train",31.125,55.75,4.3999999999999995,1002.875,9,"Sep","Monsoon",1002.875,0,4.3999999999999995,0
"2014-09-21","train",30.5,54.875,5.5625,1003.625,9,"Sep","Monsoon",1003.625,0,5.5625,0
"2014-09-22","train",30.625,50,13.437499999999998,1004.5,9,"Sep","Monsoon",1004.5,0,13.437499999999998,0
"2014-09-23","train",31,47,17.606249999999999,1004.2857142857143,9,"Sep","Monsoon",1004.2857142857143,0,30.685714285714283,1
"2014-09-24","train",29.625,53,8.0999999999999996,1006.25,9,"Sep","Monsoon",1006.25,0,8.0999999999999996,0
"2014-09-25","train",30,52.5,9.7249999999999996,1007.75,9,"Sep","Monsoon",1007.75,0,9.7249999999999996,0
"2014-09-26","train",30,52.5,5.7874999999999996,1008.125,9,"Sep","Monsoon",1008.125,0,5.7874999999999996,0
"2014-09-27","train",30.5,46.875,8.7999999999999989,1009.25,9,"Sep","Monsoon",1009.25,0,8.7999999999999989,0
"2014-09-28","train",30.25,48.875,7.1749999999999998,1009.625,9,"Sep","Monsoon",1009.625,0,7.1749999999999998,0
"2014-09-29","train",30.5,48.75,7.4124999999999996,1009.125,9,"Sep","Monsoon",1009.125,0,7.4124999999999996,0
"2014-09-30","train",30.625,50.125,6.7125000000000012,1009.625,9,"Sep","Monsoon",1009.625,0,6.7125000000000012,0
"2014-10-01","train",30.428571428571427,52.857142857142854,3.1714285714285713,1010.4285714285714,10,"Oct","Post-monsoon",1010.4285714285714,0,3.1714285714285713,0
"2014-10-02","train",30.375,53.375,2.7875000000000001,1009.125,10,"Oct","Post-monsoon",1009.125,0,2.7875000000000001,0
"2014-10-03","train",30.5,52.625,1.8500000000000001,1008,10,"Oct","Post-monsoon",1008,0,1.8500000000000001,0
"2014-10-04","train",31,53.5,0,1008.5,10,"Oct","Post-monsoon",1008.5,0,0,0
"2014-10-05","train",30.625,56.125,0,1010.375,10,"Oct","Post-monsoon",1010.375,0,0,0
"2014-10-06","train",30.625,56.75,0,1010.125,10,"Oct","Post-monsoon",1010.125,0,0,0
"2014-10-07","train",31,59.375,1.1625000000000001,1008.375,10,"Oct","Post-monsoon",1008.375,0,1.1625000000000001,0
"2014-10-08","train",28.75,52.75,3.7124999999999999,1009.875,10,"Oct","Post-monsoon",1009.875,0,3.7124999999999999,0
"2014-10-09","train",27.625,49.875,3.2374999999999998,1010.125,10,"Oct","Post-monsoon",1010.125,0,3.2374999999999998,0
"2014-10-10","train",27.125,57.375,3.2375000000000003,1008.75,10,"Oct","Post-monsoon",1008.75,0,3.2375000000000003,0
"2014-10-11","train",25.714285714285715,57.142857142857146,6.9375,1008.25,10,"Oct","Post-monsoon",1008.25,0,6.9375,0
"2014-10-12","train",26,58.625,0.46250000000000002,1008.375,10,"Oct","Post-monsoon",1008.375,0,0.46250000000000002,0
"2014-10-13","train",27.625,59.75,8.7999999999999989,1009.875,10,"Oct","Post-monsoon",1009.875,0,8.7999999999999989,0
"2014-10-14","train",24.5,67.625,5.3250000000000011,1010.875,10,"Oct","Post-monsoon",1010.875,0,5.3250000000000011,0
"2014-10-15","train",24.5,68,3.2625000000000002,1013.375,10,"Oct","Post-monsoon",1013.375,0,3.2625000000000002,0
"2014-10-16","train",23,58.875,4.8625000000000007,1014,10,"Oct","Post-monsoon",1014,0,4.8625000000000007,0
"2014-10-17","train",25,47.666666666666664,17.606249999999999,1013.625,10,"Oct","Post-monsoon",1013.625,0,25.012499999999999,1
"2014-10-18","train",24,56.142857142857146,17.606249999999999,1012.875,10,"Oct","Post-monsoon",1012.875,0,21.300000000000001,1
"2014-10-19","train",23.75,57.75,4.1624999999999996,1012.625,10,"Oct","Post-monsoon",1012.625,0,4.1624999999999996,0
"2014-10-20","train",24.75,55.625,4.4000000000000004,1013.125,10,"Oct","Post-monsoon",1013.125,0,4.4000000000000004,0
"2014-10-21","train",25.625,56.125,2.0874999999999999,1014.625,10,"Oct","Post-monsoon",1014.625,0,2.0874999999999999,0
"2014-10-22","train",25.75,64.875,0.46250000000000002,1014.5,10,"Oct","Post-monsoon",1014.5,0,0.46250000000000002,0
"2014-10-23","train",25.25,66,0.92500000000000004,1012.75,10,"Oct","Post-monsoon",1012.75,0,0.92500000000000004,0
"2014-10-24","train",25.5,67.5,1.8500000000000001,1011.75,10,"Oct","Post-monsoon",1011.75,0,1.8500000000000001,0
"2014-10-25","train",25.25,67.125,0.92500000000000004,1012.375,10,"Oct","Post-monsoon",1012.375,0,0.92500000000000004,0
"2014-10-26","train",25.125,65.5,2.0875000000000004,1014.875,10,"Oct","Post-monsoon",1014.875,0,2.0875000000000004,0
"2014-10-27","train",24.875,62.875,1.8625,1013.75,10,"Oct","Post-monsoon",1013.75,0,1.8625,0
"2014-10-28","train",25.125,64.75,2.5625,1012,10,"Oct","Post-monsoon",1012,0,2.5625,0
"2014-10-29","train",24.75,65.75,1.625,1012.125,10,"Oct","Post-monsoon",1012.125,0,1.625,0
"2014-10-30","train",23.875,61.375,1.8500000000000001,1014.5,10,"Oct","Post-monsoon",1014.5,0,1.8500000000000001,0
"2014-10-31","train",23.375,58.25,3.7124999999999999,1013.625,10,"Oct","Post-monsoon",1013.625,0,3.7124999999999999,0
"2014-11-01","train",22.5,50.875,5.3250000000000011,1014.125,11,"Nov","Post-monsoon",1014.125,0,5.3250000000000011,0
"2014-11-02","train",22.875,49.125,7.1875,1014.5,11,"Nov","Post-monsoon",1014.5,0,7.1875,0
"2014-11-03","train",23.375,52.75,4.1624999999999996,1013.5,11,"Nov","Post-monsoon",1013.5,0,4.1624999999999996,0
"2014-11-04","train",23.625,56.625,3.9375,1012.125,11,"Nov","Post-monsoon",1012.125,0,3.9375,0
"2014-11-05","train",22.75,56.25,4.625,1012.375,11,"Nov","Post-monsoon",1012.375,0,4.625,0
"2014-11-06","train",23,56.25,6.25,1011.625,11,"Nov","Post-monsoon",1011.625,0,6.25,0
"2014-11-07","train",24,66.125,2.3125,1012.875,11,"Nov","Post-monsoon",1012.875,0,2.3125,0
"2014-11-08","train",23.875,66.25,1.625,1014.625,11,"Nov","Post-monsoon",1014.625,0,1.625,0
"2014-11-09","train",24.125,56.375,4.1624999999999996,1015.125,11,"Nov","Post-monsoon",1015.125,0,4.1624999999999996,0
"2014-11-10","train",21.375,52.125,3.4750000000000005,1014,11,"Nov","Post-monsoon",1014,0,3.4750000000000005,0
"2014-11-11","train",19.25,55.125,2.3250000000000002,1014.75,11,"Nov","Post-monsoon",1014.75,0,2.3250000000000002,0
"2014-11-12","train",19.625,52,2.3125,1015.875,11,"Nov","Post-monsoon",1015.875,0,2.3125,0
"2014-11-13","train",18.5,50.5,3.2374999999999998,1016.5,11,"Nov","Post-monsoon",1016.5,0,3.2374999999999998,0
"2014-11-14","train",18.375,43,7.4125000000000005,1016.375,11,"Nov","Post-monsoon",1016.375,0,7.4125000000000005,0
"2014-11-15","train",18.625,44.75,2.7749999999999999,1014.875,11,"Nov","Post-monsoon",1014.875,0,2.7749999999999999,0
"2014-11-16","train",18.25,47.625,2.5499999999999998,1015.375,11,"Nov","Post-monsoon",1015.375,0,2.5499999999999998,0
"2014-11-17","train",17.75,51.75,2.7750000000000004,1016.125,11,"Nov","Post-monsoon",1016.125,0,2.7750000000000004,0
"2014-11-18","train",17.625,53,2.0874999999999999,1017.875,11,"Nov","Post-monsoon",1017.875,0,2.0874999999999999,0
"2014-11-19","train",17.5,58.125,1.1625000000000001,1016.5,11,"Nov","Post-monsoon",1016.5,0,1.1625000000000001,0
"2014-11-20","train",20.375,54.625,3.0250000000000004,1013.375,11,"Nov","Post-monsoon",1013.375,0,3.0250000000000004,0
"2014-11-21","train",18.25,62.125,3.2374999999999998,1012.75,11,"Nov","Post-monsoon",1012.75,0,3.2374999999999998,0
"2014-11-22","train",19.875,58.875,1.625,1011.375,11,"Nov","Post-monsoon",1011.375,0,1.625,0
"2014-11-23","train",17.125,57.375,1.3875,1014.625,11,"Nov","Post-monsoon",1014.625,0,1.3875,0
"2014-11-24","train",16.875,52.25,4.1750000000000007,1016,11,"Nov","Post-monsoon",1016,0,4.1750000000000007,0
"2014-11-25","train",16.5,51.5,2.5499999999999998,1014.875,11,"Nov","Post-monsoon",1014.875,0,2.5499999999999998,0
"2014-11-26","train",19.625,51,5.5500000000000007,1009.875,11,"Nov","Post-monsoon",1009.875,0,5.5500000000000007,0
"2014-11-27","train",18.125,63.875,0,1011.75,11,"Nov","Post-monsoon",1011.75,0,0,0
"2014-11-28","train",19.375,67.375,0,1012.5,11,"Nov","Post-monsoon",1012.5,0,0,0
"2014-11-29","train",20.25,67.625,0,1012.375,11,"Nov","Post-monsoon",1012.375,0,0,0
"2014-11-30","train",19.75,54.75,2.5499999999999998,1014,11,"Nov","Post-monsoon",1014,0,2.5499999999999998,0
"2014-12-01","train",20,42.625,8.7999999999999989,1013.75,12,"Dec","Winter",1013.75,0,8.7999999999999989,0
"2014-12-02","train",21.375,47.625,7.8750000000000009,1012.75,12,"Dec","Winter",1012.75,0,7.8750000000000009,0
"2014-12-03","train",25,66.571428571428569,11.37142857142857,1007,12,"Dec","Winter",1007,0,11.37142857142857,0
"2014-12-04","train",21.25,68.875,4.8625000000000007,1010.375,12,"Dec","Winter",1010.375,0,4.8625000000000007,0
"2014-12-05","train",17.75,59.875,2.5499999999999998,1017.125,12,"Dec","Winter",1017.125,0,2.5499999999999998,0
"2014-12-06","train",18.25,48.875,4.8624999999999998,1016.375,12,"Dec","Winter",1016.375,0,4.8624999999999998,0
"2014-12-07","train",17.25,48.375,4.8625000000000007,1014.75,12,"Dec","Winter",1014.75,0,4.8625000000000007,0
"2014-12-08","train",17,49.875,2.7749999999999999,1015,12,"Dec","Winter",1015,0,2.7749999999999999,0
"2014-12-09","train",15.285714285714286,67.571428571428569,0,1016.8571428571429,12,"Dec","Winter",1016.8571428571429,0,0,0
"2014-12-10","train",21.5,65.5,4.8624999999999998,1010.5,12,"Dec","Winter",1010.5,0,4.8624999999999998,0
"2014-12-11","train",19.625,70.5,3.25,1011.625,12,"Dec","Winter",1011.625,0,3.25,0
"2014-12-12","train",17.5,65.625,0.46250000000000002,1014.375,12,"Dec","Winter",1014.375,0,0.46250000000000002,0
"2014-12-13","train",16,71.875,8.8000000000000007,1016.125,12,"Dec","Winter",1016.125,0,8.8000000000000007,0
"2014-12-14","train",16.875,86.625,3.9500000000000002,1014.5,12,"Dec","Winter",1014.5,0,3.9500000000000002,0
"2014-12-15","train",16.625,75.75,2.3250000000000002,1016.125,12,"Dec","Winter",1016.125,0,2.3250000000000002,0
"2014-12-16","train",17.75,72.375,7.4250000000000007,1017.375,12,"Dec","Winter",1017.375,0,7.4250000000000007,0
"2014-12-17","train",12.875,72.125,6.4874999999999998,1020.25,12,"Dec","Winter",1020.25,0,6.4874999999999998,0
"2014-12-18","train",11.75,79.75,3.0124999999999997,1021.375,12,"Dec","Winter",1021.375,0,3.0124999999999997,0
"2014-12-19","train",11.75,81.75,0.46250000000000002,1022.125,12,"Dec","Winter",1022.125,0,0.46250000000000002,0
"2014-12-20","train",11.25,77,5.8000000000000007,1018.75,12,"Dec","Winter",1018.75,0,5.8000000000000007,0
"2014-12-21","train",9.5,79.125,0.92500000000000004,1018,12,"Dec","Winter",1018,0,0.92500000000000004,0
"2014-12-22","train",9.375,85,1.3875000000000002,1017.125,12,"Dec","Winter",1017.125,0,1.3875000000000002,0
"2014-12-23","train",9.625,78.625,1.625,1017.875,12,"Dec","Winter",1017.875,0,1.625,0
"2014-12-24","train",9.875,83,3.4750000000000005,1021.25,12,"Dec","Winter",1021.25,0,3.4750000000000005,0
"2014-12-25","train",9.25,81.125,8.1000000000000014,1020.125,12,"Dec","Winter",1020.125,0,8.1000000000000014,0
"2014-12-26","train",10.75,77,7.6375000000000002,1017.75,12,"Dec","Winter",1017.75,0,7.6375000000000002,0
"2014-12-27","train",10.375,69,2.7749999999999999,1018.625,12,"Dec","Winter",1018.625,0,2.7749999999999999,0
"2014-12-28","train",9,86,0.69999999999999996,1019.75,12,"Dec","Winter",1019.75,0,0.69999999999999996,0
"2014-12-29","train",11.125,72.625,1.3875,1017.25,12,"Dec","Winter",1017.25,0,1.3875,0
"2014-12-30","train",11.625,70.625,2.5499999999999998,1014.625,12,"Dec","Winter",1014.625,0,2.5499999999999998,0
"2014-12-31","train",12.375,67.125,2.7875000000000001,1016.875,12,"Dec","Winter",1016.875,0,2.7875000000000001,0
"2015-01-01","train",14.75,72,0.92500000000000004,1017.5,1,"Jan","Winter",1017.5,0,0.92500000000000004,0
"2015-01-02","train",14.875,96.625,3.0125000000000002,1017.875,1,"Jan","Winter",1017.875,0,3.0125000000000002,0
"2015-01-03","train",15.125,92,0.92500000000000004,1017.375,1,"Jan","Winter",1017.375,0,0.92500000000000004,0
"2015-01-04","train",14.125,78.75,9.5125000000000011,1019.625,1,"Jan","Winter",1019.625,0,9.5125000000000011,0
"2015-01-05","train",14,69.375,15.049999999999999,1016,1,"Jan","Winter",1016,0,15.049999999999999,0
"2015-01-06","train",12,79.875,4.3999999999999995,1015.5,1,"Jan","Winter",1015.5,0,4.3999999999999995,0
"2015-01-07","train",9.625,86,3.9375,1016.625,1,"Jan","Winter",1016.625,0,3.9375,0
"2015-01-08","train",10,87.875,3.4874999999999998,1019.125,1,"Jan","Winter",1019.125,0,3.4874999999999998,0
"2015-01-09","train",10.625,80.625,1.625,1020.125,1,"Jan","Winter",1020.125,0,1.625,0
"2015-01-10","train",11.125,73.125,4.4125000000000005,1018.875,1,"Jan","Winter",1018.875,0,4.4125000000000005,0
"2015-01-11","train",11,80.75,4.8624999999999998,1019.125,1,"Jan","Winter",1019.125,0,4.8624999999999998,0
"2015-01-12","train",10.625,79.5,0.92500000000000004,1019.5,1,"Jan","Winter",1019.5,0,0.92500000000000004,0
"2015-01-13","train",12.25,77.875,4.875,1017.125,1,"Jan","Winter",1017.125,0,4.875,0
"2015-01-14","train",12,82.25,5.1000000000000005,1017.5,1,"Jan","Winter",1017.5,0,5.1000000000000005,0
"2015-01-15","train",12.375,79.125,0.92500000000000004,1019.375,1,"Jan","Winter",1019.375,0,0.92500000000000004,0
"2015-01-16","train",13,78.125,4.6375000000000002,1019.25,1,"Jan","Winter",1019.25,0,4.6375000000000002,0
"2015-01-17","train",13.5,76.625,1.8625,1019.25,1,"Jan","Winter",1019.25,0,1.8625,0
"2015-01-18","train",13,73.875,2.5500000000000003,1018.75,1,"Jan","Winter",1018.75,0,2.5500000000000003,0
"2015-01-19","train",13.75,78,1.8500000000000001,1018.875,1,"Jan","Winter",1018.875,0,1.8500000000000001,0
"2015-01-20","train",13.375,74.375,7.1875,1020,1,"Jan","Winter",1020,0,7.1875,0
"2015-01-21","train",13.25,73.375,3.6999999999999997,1021,1,"Jan","Winter",1021,0,3.6999999999999997,0
"2015-01-22","train",12.625,94.125,3.2374999999999998,1020.625,1,"Jan","Winter",1020.625,0,3.2374999999999998,0
"2015-01-23","train",14.625,85,1.1625000000000001,1020,1,"Jan","Winter",1020,0,1.1625000000000001,0
"2015-01-24","train",12.375,86.25,9.7374999999999989,1020.75,1,"Jan","Winter",1020.75,0,9.7374999999999989,0
"2015-01-25","train",13.25,77.75,4.1624999999999996,1020.375,1,"Jan","Winter",1020.375,0,4.1624999999999996,0
"2015-01-26","train",13.75,88.125,0.92500000000000004,1019.875,1,"Jan","Winter",1019.875,0,0.92500000000000004,0
"2015-01-27","train",13.25,74.25,5.3375000000000004,1019.3333333333334,1,"Jan","Winter",1019.3333333333334,0,5.3375000000000004,0
"2015-01-28","train",11.714285714285714,67,17.606249999999999,1018.25,1,"Jan","Winter",1018.25,0,27.775000000000002,1
"2015-01-29","train",11.5,67.5,3.9375,1019.75,1,"Jan","Winter",1019.75,0,3.9375,0
"2015-01-30","train",12.75,56.125,12.037500000000001,1020.375,1,"Jan","Winter",1020.375,0,12.037500000000001,0
"2015-01-31","train",13.75,57.625,9.0250000000000004,1017.875,1,"Jan","Winter",1017.875,0,9.0250000000000004,0
"2015-02-01","train",15,65.25,5.1000000000000005,1017.75,2,"Feb","Winter",1017.75,0,5.1000000000000005,0
"2015-02-02","train",17.375,63.875,11.8125,1017.5,2,"Feb","Winter",1017.5,0,11.8125,0
"2015-02-03","train",16.75,71.25,7.1750000000000016,1020.5,2,"Feb","Winter",1020.5,0,7.1750000000000016,0
"2015-02-04","train",14.625,81.125,9.25,1022,2,"Feb","Winter",1022,0,9.25,0
"2015-02-05","train",14.625,62.875,7.3999999999999995,1019.25,2,"Feb","Winter",1019.25,0,7.3999999999999995,0
"2015-02-06","train",15.125,62.625,3.0125000000000002,1019,2,"Feb","Winter",1019,0,3.0125000000000002,0
"2015-02-07","train",15.875,67.625,1.8500000000000001,1017,2,"Feb","Winter",1017,0,1.8500000000000001,0
"2015-02-08","train",16.625,63.875,4.4125000000000005,1017.375,2,"Feb","Winter",1017.375,0,4.4125000000000005,0
"2015-02-09","train",16.875,63.5,5.5499999999999998,1019.75,2,"Feb","Winter",1019.75,0,5.5499999999999998,0
"2015-02-10","train",15.75,64,4.625,1019.75,2,"Feb","Winter",1019.75,0,4.625,0
"2015-02-11","train",16,66.625,1.8500000000000001,1017.125,2,"Feb","Winter",1017.125,0,1.8500000000000001,0
"2015-02-12","train",15.5,69.625,6.0250000000000004,1016.125,2,"Feb","Winter",1016.125,0,6.0250000000000004,0
"2015-02-13","train",17.25,59,6.7249999999999996,1012.625,2,"Feb","Winter",1012.625,0,6.7249999999999996,0
"2015-02-14","train",19.375,63.125,4.1624999999999996,1009.625,2,"Feb","Winter",1009.625,0,4.1624999999999996,0
"2015-02-15","train",18.875,70.125,1.3875000000000002,1012.625,2,"Feb","Winter",1012.625,0,1.3875000000000002,0
"2015-02-16","train",20.625,71.25,10.425000000000001,1013.625,2,"Feb","Winter",1013.625,0,10.425000000000001,0
"2015-02-17","train",21.142857142857142,72.571428571428569,5.0285714285714294,1011.8571428571429,2,"Feb","Winter",1011.8571428571429,0,5.0285714285714294,0
"2015-02-18","train",21.25,72.875,5.1000000000000005,1011.75,2,"Feb","Winter",1011.75,0,5.1000000000000005,0
"2015-02-19","train",22.75,73.5,7.6500000000000004,1012,2,"Feb","Winter",1012,0,7.6500000000000004,0
"2015-02-20","train",22.75,67.125,7.1875000000000009,1013.875,2,"Feb","Winter",1013.875,0,7.1875000000000009,0
"2015-02-21","train",21.875,63.5,11.3375,1014.125,2,"Feb","Winter",1014.125,0,11.3375,0
"2015-02-22","train",22.142857142857142,58.857142857142854,14.812499999999998,1013.375,2,"Feb","Winter",1013.375,0,14.812499999999998,0
"2015-02-23","train",21.5,74.375,3.0250000000000004,1014.25,2,"Feb","Winter",1014.25,0,3.0250000000000004,0
"2015-02-24","train",22.875,72.375,6.0374999999999996,1010.625,2,"Feb","Winter",1010.625,0,6.0374999999999996,0
"2015-02-25","train",23.125,58.625,6.5,1008.5,2,"Feb","Winter",1008.5,0,6.5,0
"2015-02-26","train",20,34.375,6.7124999999999995,1009.875,2,"Feb","Winter",1009.875,0,6.7124999999999995,0
"2015-02-27","train",19.25,43.125,5.8000000000000007,1013,2,"Feb","Winter",1013,0,5.8000000000000007,0
"2015-02-28","train",21.25,45.5,6.9500000000000011,1013,2,"Feb","Winter",1013,0,6.9500000000000011,0
"2015-03-01","train",17.375,92.75,14.8125,1011.125,3,"Mar","Summer",1011.125,0,14.8125,0
"2015-03-02","train",17.5,89.875,6.7249999999999996,1012.5,3,"Mar","Summer",1012.5,0,6.7249999999999996,0
"2015-03-03","train",16.25,82.5,5.5625,1013.75,3,"Mar","Summer",1013.75,0,5.5625,0
"2015-03-04","train",16.75,69.25,6.7125000000000004,1014,3,"Mar","Summer",1014,0,6.7125000000000004,0
"2015-03-05","train",18.75,64,3.7000000000000002,1015.75,3,"Mar","Summer",1015.75,0,3.7000000000000002,0
"2015-03-06","train",20,62.375,5.0875000000000004,1016.375,3,"Mar","Summer",1016.375,0,5.0875000000000004,0
"2015-03-07","train",18.375,80.375,4.1749999999999998,1013.7142857142857,3,"Mar","Summer",1013.7142857142857,0,4.1749999999999998,0
"2015-03-08","train",19.5,74.125,7.8875000000000002,1015.375,3,"Mar","Summer",1015.375,0,7.8875000000000002,0
"2015-03-09","train",18.125,54.25,12.262499999999999,1021,3,"Mar","Summer",1021,0,12.262499999999999,0
"2015-03-10","train",17.75,68.5,8.5625,1019.125,3,"Mar","Summer",1019.125,0,8.5625,0
"2015-03-11","train",18.25,69.875,6.0250000000000004,1018.125,3,"Mar","Summer",1018.125,0,6.0250000000000004,0
"2015-03-12","train",20.5,63.375,5.3250000000000011,1017,3,"Mar","Summer",1017,0,5.3250000000000011,0
"2015-03-13","train",21.375,65.25,4.1750000000000007,1014.75,3,"Mar","Summer",1014.75,0,4.1750000000000007,0
"2015-03-14","train",21.5,64.625,7.875,1015.125,3,"Mar","Summer",1015.125,0,7.875,0
"2015-03-15","train",17.625,89.125,11.575000000000001,1015.5,3,"Mar","Summer",1015.5,0,11.575000000000001,0
"2015-03-16","train",19.857142857142858,81.857142857142861,8.5625,1017.375,3,"Mar","Summer",1017.375,0,8.5625,0
"2015-03-17","train",20.875,70.375,13.199999999999999,1015.875,3,"Mar","Summer",1015.875,0,13.199999999999999,0
"2015-03-18","train",20.25,69.625,12.262500000000001,1013.5,3,"Mar","Summer",1013.5,0,12.262500000000001,0
"2015-03-19","train",21.125,66,5.3375000000000004,1014.875,3,"Mar","Summer",1014.875,0,5.3375000000000004,0
"2015-03-20","train",22.5,65.75,9.0250000000000004,1014.875,3,"Mar","Summer",1014.875,0,9.0250000000000004,0
"2015-03-21","train",24.875,60.5,5.7874999999999996,1014.875,3,"Mar","Summer",1014.875,0,5.7874999999999996,0
"2015-03-22","train",25.125,64,10.199999999999999,1012,3,"Mar","Summer",1012,0,10.199999999999999,0
"2015-03-23","train",24.75,65.75,7.6374999999999993,1010,3,"Mar","Summer",1010,0,7.6374999999999993,0
"2015-03-24","train",25.75,65.5,1.3875000000000002,1010.25,3,"Mar","Summer",1010.25,0,1.3875000000000002,0
"2015-03-25","train",26.625,65.625,2.5499999999999998,1011.8571428571429,3,"Mar","Summer",1011.8571428571429,0,2.5499999999999998,0
"2015-03-26","train",28.5,54.375,9.2624999999999993,1013,3,"Mar","Summer",1013,0,9.2624999999999993,0
"2015-03-27","train",27.375,51.375,7.6500000000000004,1012,3,"Mar","Summer",1012,0,7.6500000000000004,0
"2015-03-28","train",27,53.625,3.7125000000000004,1009.625,3,"Mar","Summer",1009.625,0,3.7125000000000004,0
"2015-03-29","train",25,52.75,13.1875,1008.625,3,"Mar","Summer",1008.625,0,13.1875,0
"2015-03-30","train",23.5,66.25,14.8125,1010.375,3,"Mar","Summer",1010.375,0,14.8125,0
"2015-03-31","train",25.25,64.875,3.7000000000000002,1010.1428571428571,3,"Mar","Summer",1010.1428571428571,0,3.7000000000000002,0
"2015-04-01","train",26.428571428571427,59.714285714285715,6.7125000000000004,1007.5,4,"Apr","Summer",1007.5,0,6.7125000000000004,0
"2015-04-02","train",28.714285714285715,45.285714285714285,10.174999999999999,1004.625,4,"Apr","Summer",1004.625,0,10.174999999999999,0
"2015-04-03","train",24.5,71.125,6.9625000000000004,1004.75,4,"Apr","Summer",1004.75,0,6.9625000000000004,0
"2015-04-04","train",21,77.5,1.3875000000000002,1005.25,4,"Apr","Summer",1005.25,0,1.3875000000000002,0
"2015-04-05","train",23.571428571428573,67.714285714285708,17.600000000000001,1007.75,4,"Apr","Summer",1007.75,0,17.600000000000001,0
"2015-04-06","train",25,60.125,2.7749999999999999,1007.75,4,"Apr","Summer",1007.75,0,2.7749999999999999,0
"2015-04-07","train",23.75,62.125,9.7375000000000007,1010.25,4,"Apr","Summer",1010.25,0,9.7375000000000007,0
"2015-04-08","train",25.625,50.375,6.7125000000000012,1012,4,"Apr","Summer",1012,0,6.7125000000000012,0
"2015-04-09","train",26,52.875,9.0374999999999996,1010.5,4,"Apr","Summer",1010.5,0,9.0374999999999996,0
"2015-04-10","train",27.125,52.25,6.25,1008.5,4,"Apr","Summer",1008.5,0,6.25,0
"2015-04-11","train",28.25,44.875,8.0999999999999996,1008.375,4,"Apr","Summer",1008.375,0,8.0999999999999996,0
"2015-04-12","train",24.375,63,5.3250000000000002,1012.375,4,"Apr","Summer",1012.375,0,5.3250000000000002,0
"2015-04-13","train",24.75,70.875,6.9500000000000011,1013.75,4,"Apr","Summer",1013.75,0,6.9500000000000011,0
"2015-04-14","train",26.25,62.75,3.0125000000000002,1012.75,4,"Apr","Summer",1012.75,0,3.0125000000000002,0
"2015-04-15","train",27.625,59.25,5.7875000000000005,1012.875,4,"Apr","Summer",1012.875,0,5.7875000000000005,0
"2015-04-16","train",25.25,58.25,8.1125000000000007,1013.875,4,"Apr","Summer",1013.875,0,8.1125000000000007,0
"2015-04-17","train",28.125,48.75,8.3375000000000004,1007.125,4,"Apr","Summer",1007.125,0,8.3375000000000004,0
"2015-04-18","train",30.125,44.5,5.5625000000000009,1002.375,4,"Apr","Summer",1002.375,0,5.5625000000000009,0
"2015-04-19","train",32.125,41,4.1749999999999998,1003.875,4,"Apr","Summer",1003.875,0,4.1749999999999998,0
"2015-04-20","train",32.875,37.875,7.1875,1005.75,4,"Apr","Summer",1005.75,0,7.1875,0
"2015-04-21","train",31.75,28.5,11.112500000000001,1005.625,4,"Apr","Summer",1005.625,0,11.112500000000001,0
"2015-04-22","train",30.75,30.25,11.349999999999998,1003.125,4,"Apr","Summer",1003.125,0,11.349999999999998,0
"2015-04-23","train",30.75,33,8.0999999999999996,1004,4,"Apr","Summer",1004,0,8.0999999999999996,0
"2015-04-24","train",31.125,39.5,2.5500000000000003,1004.375,4,"Apr","Summer",1004.375,0,2.5500000000000003,0
"2015-04-25","train",30.5,43.125,12.975,1005.875,4,"Apr","Summer",1005.875,0,12.975,0
"2015-04-26","train",28.75,51.125,15.737499999999999,1008,4,"Apr","Summer",1008,0,15.737499999999999,0
"2015-04-27","train",30.125,53,17.587499999999999,1006.75,4,"Apr","Summer",1006.75,0,17.587499999999999,0
"2015-04-28","train",31,48.25,12.512499999999999,1004.5,4,"Apr","Summer",1004.5,0,12.512499999999999,0
"2015-04-29","train",31.25,47.25,9.0250000000000004,1005,4,"Apr","Summer",1005,0,9.0250000000000004,0
"2015-04-30","train",32.625,44.75,15.050000000000001,1004,4,"Apr","Summer",1004,0,15.050000000000001,0
"2015-05-01","train",31.25,43.5,5.3375000000000004,1005.875,5,"May","Summer",1005.875,0,5.3375000000000004,0
"2015-05-02","train",30.125,40.25,4.4000000000000004,1006.25,5,"May","Summer",1006.25,0,4.4000000000000004,0
"2015-05-03","train",31,39.25,3.0124999999999997,1006.625,5,"May","Summer",1006.625,0,3.0124999999999997,0
"2015-05-04","train",30.875,39.25,3.9375,1006.625,5,"May","Summer",1006.625,0,3.9375,0
"2015-05-05","train",32.125,31.125,7.6499999999999995,1003.875,5,"May","Summer",1003.875,0,7.6499999999999995,0
"2015-05-06","train",34.125,22,11.362499999999999,1001.875,5,"May","Summer",1001.875,0,11.362499999999999,0
"2015-05-07","train",35.428571428571431,13.428571428571429,15.342857142857143,1003.5714285714286,5,"May","Summer",1003.5714285714286,0,15.342857142857143,0
"2015-05-08","train",34.125,22.375,12.274999999999999,1003.25,5,"May","Summer",1003.25,0,12.274999999999999,0
"2015-05-09","train",35.125,27,8.3375000000000004,1001.625,5,"May","Summer",1001.625,0,8.3375000000000004,0
"2015-05-10","train",35.125,25,6.9625000000000004,1001.375,5,"May","Summer",1001.375,0,6.9625000000000004,0
"2015-05-11","train",34,32.625,10.887500000000001,1003.625,5,"May","Summer",1003.625,0,10.887500000000001,0
"2015-05-12","train",33.125,46,6.0375000000000005,1004.875,5,"May","Summer",1004.875,0,6.0375000000000005,0
"2015-05-13","train",27.75,61,6.7125000000000004,1006.125,5,"May","Summer",1006.125,0,6.7125000000000004,0
"2015-05-14","train",29.625,49.625,4.4124999999999996,1007.25,5,"May","Summer",1007.25,0,4.4124999999999996,0
"2015-05-15","train",28.5,52.125,7.1750000000000007,1006.5,5,"May","Summer",1006.5,0,7.1750000000000007,0
"2015-05-16","train",30,51.625,4.1624999999999996,1003.25,5,"May","Summer",1003.25,0,4.1624999999999996,0
"2015-05-17","train",33.25,40.375,8.3499999999999996,1001.125,5,"May","Summer",1001.125,0,8.3499999999999996,0
"2015-05-18","train",35.375,35.75,5.5625000000000009,1000,5,"May","Summer",1000,0,5.5625000000000009,0
"2015-05-19","train",31.5,44,14.812500000000002,1002.125,5,"May","Summer",1002.125,0,14.812500000000002,0
"2015-05-20","train",33.125,31.625,14.600000000000001,1002,5,"May","Summer",1002,0,14.600000000000001,0
"2015-05-21","train",35.625,24.625,11.3375,1000.375,5,"May","Summer",1000.375,0,11.3375,0
"2015-05-22","train",36.25,19.5,12.512499999999999,998.125,5,"May","Summer",998.125,0,12.512499999999999,0
"2015-05-23","train",37.375,21.75,12.725000000000001,996.125,5,"May","Summer",996.125,0,12.725000000000001,0
"2015-05-24","train",36,29.25,5.1000000000000005,997.375,5,"May","Summer",997.375,0,5.1000000000000005,0
"2015-05-25","train",37.75,22.25,10.875,996.875,5,"May","Summer",996.875,0,10.875,0
"2015-05-26","train",35.25,26.625,17.125,1001.5,5,"May","Summer",1001.5,0,17.125,0
"2015-05-27","train",33.75,20.5,6.7125000000000004,1001.25,5,"May","Summer",1001.25,0,6.7125000000000004,0
"2015-05-28","train",34.75,29.5,8.3375000000000004,1000.625,5,"May","Summer",1000.625,0,8.3375000000000004,0
"2015-05-29","train",35.125,27.25,8.125,1001.625,5,"May","Summer",1001.625,0,8.125,0
"2015-05-30","train",32.25,38.75,12.262499999999999,1003.875,5,"May","Summer",1003.875,0,12.262499999999999,0
"2015-05-31","train",34.25,25,14.5875,1001.75,5,"May","Summer",1001.75,0,14.5875,0
"2015-06-01","train",29.375,41.75,12.512500000000001,1003.25,6,"Jun","Monsoon",1003.25,0,12.512500000000001,0
"2015-06-02","train",31.625,39.25,8.5749999999999993,1003.5,6,"Jun","Monsoon",1003.5,0,8.5749999999999993,0
"2015-06-03","train",28.625,50.5,6.7250000000000005,1004.625,6,"Jun","Monsoon",1004.625,0,6.7250000000000005,0
"2015-06-04","train",31.875,48.375,4.8624999999999998,1004,6,"Jun","Monsoon",1004,0,4.8624999999999998,0
"2015-06-05","train",32.625,39.875,6.0125000000000002,1003.5,6,"Jun","Monsoon",1003.5,0,6.0125000000000002,0
"2015-06-06","train",33.375,39.75,7.8625000000000007,1001.375,6,"Jun","Monsoon",1001.375,0,7.8625000000000007,0
"2015-06-07","train",35,36.25,7.1750000000000007,999.25,6,"Jun","Monsoon",999.25,0,7.1750000000000007,0
"2015-06-08","train",36.5,33,6.25,998.875,6,"Jun","Monsoon",998.875,0,6.25,0
"2015-06-09","train",37.625,23.875,17.606249999999999,998.875,6,"Jun","Monsoon",998.875,0,18.75,1
"2015-06-10","train",36.625,32.285714285714285,17.606249999999999,999.625,6,"Jun","Monsoon",999.625,0,18.049999999999997,1
"2015-06-11","train",35.625,34.75,17.606249999999999,1000,6,"Jun","Monsoon",1000,0,18.287499999999998,1
"2015-06-12","train",35.875,34.625,12.737499999999999,998.5,6,"Jun","Monsoon",998.5,0,12.737499999999999,0
"2015-06-13","train",31.125,48.125,10.1875,998.85714285714289,6,"Jun","Monsoon",998.85714285714289,0,10.1875,0
"2015-06-14","train",27,77.625,3.9500000000000002,1000.2857142857143,6,"Jun","Monsoon",1000.2857142857143,0,3.9500000000000002,0
"2015-06-15","train",31,60.75,3.0125000000000002,999.57142857142856,6,"Jun","Monsoon",999.57142857142856,0,3.0125000000000002,0
"2015-06-16","train",32.375,52.125,2.7875000000000001,999.14285714285711,6,"Jun","Monsoon",999.14285714285711,0,2.7875000000000001,0
"2015-06-17","train",33.875,49.75,3.25,998,6,"Jun","Monsoon",998,0,3.25,0
"2015-06-18","train",35.125,45.125,3.0125000000000002,997.625,6,"Jun","Monsoon",997.625,0,3.0125000000000002,0
"2015-06-19","train",35.875,46.75,8.5749999999999993,996.25,6,"Jun","Monsoon",996.25,0,8.5749999999999993,0
"2015-06-20","train",33.125,48.5,12.975,997.875,6,"Jun","Monsoon",997.875,0,12.975,0
"2015-06-21","train",30.375,63.625,8.1125000000000007,998.125,6,"Jun","Monsoon",998.125,0,8.1125000000000007,0
"2015-06-22","train",32.125,59.5,4.4000000000000004,995.625,6,"Jun","Monsoon",995.625,0,4.4000000000000004,0
"2015-06-23","train",31.5,61.625,6.0125000000000011,995,6,"Jun","Monsoon",995,0,6.0125000000000011,0
"2015-06-24","train",37.25,63.875,6.5,995.375,6,"Jun","Monsoon",995.375,0,6.5,0
"2015-06-25","train",26.625,82.75,6.2625000000000002,994.75,6,"Jun","Monsoon",994.75,0,6.2625000000000002,0
"2015-06-26","train",31.125,54.25,11.5625,995.25,6,"Jun","Monsoon",995.25,0,11.5625,0
"2015-06-27","train",32.625,48.25,14.112499999999999,997.125,6,"Jun","Monsoon",997.125,0,14.112499999999999,0
"2015-06-28","train",34.25,47.5,9.0374999999999996,1000.2857142857143,6,"Jun","Monsoon",1000.2857142857143,0,9.0374999999999996,0
"2015-06-29","train",31.125,56.625,11.562500000000002,1003.625,6,"Jun","Monsoon",1003.625,0,11.562500000000002,0
"2015-06-30","train",30.875,58.625,9.9625000000000004,1002.625,6,"Jun","Monsoon",1002.625,0,9.9625000000000004,0
"2015-07-01","train",32,53.25,4.1750000000000007,1001.875,7,"Jul","Monsoon",1001.875,0,4.1750000000000007,0
"2015-07-02","train",33.75,45.875,6.9499999999999993,1001.125,7,"Jul","Monsoon",1001.125,0,6.9499999999999993,0
"2015-07-03","train",33,49,14.35,999.625,7,"Jul","Monsoon",999.625,0,14.35,0
"2015-07-04","train",34.125,51.5,16.900000000000002,997.5,7,"Jul","Monsoon",997.5,0,16.900000000000002,0
"2015-07-05","train",35.714285714285715,47.285714285714285,14.014285714285714,995.42857142857144,7,"Jul","Monsoon",995.42857142857144,0,14.014285714285714,0
"2015-07-06","train",27.875,83.25,9.2750000000000004,997.875,7,"Jul","Monsoon",997.875,0,9.2750000000000004,0
"2015-07-07","train",28.125,86.125,1.8500000000000001,998.125,7,"Jul","Monsoon",998.125,0,1.8500000000000001,0
"2015-07-08","train",31.25,72,2.7750000000000004,998.625,7,"Jul","Monsoon",998.625,0,2.7750000000000004,0
"2015-07-09","train",29.625,77.25,2.5499999999999998,998.625,7,"Jul","Monsoon",998.625,0,2.5499999999999998,0
"2015-07-10","train",26.625,92.125,6.0250000000000004,998.75,7,"Jul","Monsoon",998.75,0,6.0250000000000004,0
"2015-07-11","train",25.5,98,3.2375000000000003,999.33333333333337,7,"Jul","Monsoon",999.33333333333337,0,3.2375000000000003,0
"2015-07-12","train",25.5,94.75,7.4250000000000007,998.625,7,"Jul","Monsoon",998.625,0,7.4250000000000007,0
"2015-07-13","train",29.875,73.125,4.8624999999999998,1000.625,7,"Jul","Monsoon",1000.625,0,4.8624999999999998,0
"2015-07-14","train",30.875,67.875,10.875,997.85714285714289,7,"Jul","Monsoon",997.85714285714289,0,10.875,0
"2015-07-15","train",33.375,52.875,17.137500000000003,993.75,7,"Jul","Monsoon",993.75,0,17.137500000000003,0
"2015-07-16","train",31.75,61.375,13.437499999999998,994.75,7,"Jul","Monsoon",994.75,0,13.437499999999998,0
"2015-07-17","train",30.75,75.625,4.4000000000000004,997.25,7,"Jul","Monsoon",997.25,0,4.4000000000000004,0
"2015-07-18","train",29.5,78.875,4.1749999999999998,998,7,"Jul","Monsoon",998,0,4.1749999999999998,0
"2015-07-19","train",30.125,70,0.69999999999999996,997.625,7,"Jul","Monsoon",997.625,0,0.69999999999999996,0
"2015-07-20","train",29.125,78,4.8624999999999998,999.125,7,"Jul","Monsoon",999.125,0,4.8624999999999998,0
"2015-07-21","train",31.375,69.25,8.125,1000,7,"Jul","Monsoon",1000,0,8.125,0
"2015-07-22","train",32.25,64.125,7.8750000000000018,1001.125,7,"Jul","Monsoon",1001.125,0,7.8750000000000018,0
"2015-07-23","train",32.125,64.875,8.5750000000000011,1001.75,7,"Jul","Monsoon",1001.75,0,8.5750000000000011,0
"2015-07-24","train",32,64.75,6.7125000000000004,1001,7,"Jul","Monsoon",1001,0,6.7125000000000004,0
"2015-07-25","train",30.857142857142858,71,17.606249999999999,998.57142857142856,7,"Jul","Monsoon",998.57142857142856,0,19.912500000000001,1
"2015-07-26","train",30,71.625,16.887499999999999,998.875,7,"Jul","Monsoon",998.875,0,16.887499999999999,0
"2015-07-27","train",29.625,69,11.3375,1000.2857142857143,7,"Jul","Monsoon",1000.2857142857143,0,11.3375,0
"2015-07-28","train",29.5,61,11.587499999999999,1000.125,7,"Jul","Monsoon",1000.125,0,11.587499999999999,0
"2015-07-29","train",28.5,68.125,10.875,998,7,"Jul","Monsoon",998,0,10.875,0
"2015-07-30","train",29,67.75,9.9625000000000004,998.875,7,"Jul","Monsoon",998.875,0,9.9625000000000004,0
"2015-07-31","train",29,71,4.1750000000000007,999.75,7,"Jul","Monsoon",999.75,0,4.1750000000000007,0
"2015-08-01","train",28.25,71.75,0.92500000000000004,1002.75,8,"Aug","Monsoon",1002.75,0,0.92500000000000004,0
"2015-08-02","train",29.625,69.5,2.5499999999999998,1003.625,8,"Aug","Monsoon",1003.625,0,2.5499999999999998,0
"2015-08-03","train",31.5,58.625,5.3250000000000002,1001.875,8,"Aug","Monsoon",1001.875,0,5.3250000000000002,0
"2015-08-04","train",29.428571428571427,77.785714285714292,4.7714285714285722,1000.0714285714286,8,"Aug","Monsoon",1000.0714285714286,0,4.7714285714285722,0
"2015-08-05","train",29.59375,79.65625,8.2218750000000007,1000.28125,8,"Aug","Monsoon",1000.28125,0,8.2218750000000007,0
"2015-08-06","train",29.5,79.125,3.0250000000000004,998,8,"Aug","Monsoon",998,0,3.0250000000000004,0
"2015-08-07","train",29.25,83,2.3125,1000,8,"Aug","Monsoon",1000,0,2.3125,0
"2015-08-08","train",28.875,84.875,1.625,1002,8,"Aug","Monsoon",1002,0,1.625,0
"2015-08-09","train",27.375,90.125,3.0125000000000002,1000.25,8,"Aug","Monsoon",1000.25,0,3.0125000000000002,0
"2015-08-10","train",30.375,77,0,1000,8,"Aug","Monsoon",1000,0,0,0
"2015-08-11","train",28.375,86.625,0.46250000000000002,1003,8,"Aug","Monsoon",1003,0,0.46250000000000002,0
"2015-08-12","train",30.75,74.25,0,1003.125,8,"Aug","Monsoon",1003.125,0,0,0
"2015-08-13","train",32,69.5,0.46250000000000002,1001.875,8,"Aug","Monsoon",1001.875,0,0.46250000000000002,0
"2015-08-14","train",30.875,72.625,3.4749999999999996,1002,8,"Aug","Monsoon",1002,0,3.4749999999999996,0
"2015-08-15","train",28.5,85.5,0,1002.75,8,"Aug","Monsoon",1002.75,0,0,0
"2015-08-16","train",28.625,82.625,1.8500000000000001,1002.875,8,"Aug","Monsoon",1002.875,0,1.8500000000000001,0
"2015-08-17","train",30.75,72.625,0.69999999999999996,1001.375,8,"Aug","Monsoon",1001.375,0,0.69999999999999996,0
"2015-08-18","train",29.125,72.875,4.875,1002.5714285714286,8,"Aug","Monsoon",1002.5714285714286,0,4.875,0
"2015-08-19","train",31.25,61.25,17.606249999999999,1002.375,8,"Aug","Monsoon",1002.375,0,33.325000000000003,1
"2015-08-20","train",30.75,58.625,14.6,1001.375,8,"Aug","Monsoon",1001.375,0,14.6,0
"2015-08-21","train",29.375,72,8.5749999999999993,1002,8,"Aug","Monsoon",1002,0,8.5749999999999993,0
"2015-08-22","train",30.25,65.375,5.8000000000000007,1000.875,8,"Aug","Monsoon",1000.875,0,5.8000000000000007,0
"2015-08-23","train",29.875,69.375,5.5625,1000.8571428571429,8,"Aug","Monsoon",1000.8571428571429,0,5.5625,0
"2015-08-24","train",30.75,65.625,7.1875,1001.75,8,"Aug","Monsoon",1001.75,0,7.1875,0
"2015-08-25","train",32,57.285714285714285,10.071428571428571,1001,8,"Aug","Monsoon",1001,0,10.071428571428571,0
"2015-08-26","train",32,61,4.8625000000000007,1001.125,8,"Aug","Monsoon",1001.125,0,4.8625000000000007,0
"2015-08-27","train",32.5,61,5.3250000000000011,1002,8,"Aug","Monsoon",1002,0,5.3250000000000011,0
"2015-08-28","train",32,63.5,2.3125,1002.25,8,"Aug","Monsoon",1002.25,0,2.3125,0
"2015-08-29","train",32.25,58,5.8125000000000009,1001.375,8,"Aug","Monsoon",1001.375,0,5.8125000000000009,0
"2015-08-30","train",32.625,56.5,9.2749999999999986,1001.375,8,"Aug","Monsoon",1001.375,0,9.2749999999999986,0
"2015-08-31","train",31.857142857142858,54.428571428571431,13.485714285714286,1001.8333333333334,8,"Aug","Monsoon",1001.8333333333334,0,13.485714285714286,0
"2015-09-01","train",32.125,47.625,15.275,1000.8571428571429,9,"Sep","Monsoon",1000.8571428571429,0,15.275,0
"2015-09-02","train",31.875,45.625,12.737499999999999,1001.75,9,"Sep","Monsoon",1001.75,0,12.737499999999999,0
"2015-09-03","train",31.625,49.125,10.1875,1005.5,9,"Sep","Monsoon",1005.5,0,10.1875,0
"2015-09-04","train",32,42.625,11.35,1007.875,9,"Sep","Monsoon",1007.875,0,11.35,0
"2015-09-05","train",30.875,47.25,7.6374999999999993,1007.125,9,"Sep","Monsoon",1007.125,0,7.6374999999999993,0
"2015-09-06","train",31.25,41.799999999999997,7.6375000000000002,1006.25,9,"Sep","Monsoon",1006.25,0,7.6375000000000002,0
"2015-09-07","train",31.5,46.375,9.4875000000000007,1005.75,9,"Sep","Monsoon",1005.75,0,9.4875000000000007,0
"2015-09-08","train",31.625,47,11.8125,1005.5,9,"Sep","Monsoon",1005.5,0,11.8125,0
"2015-09-09","train",31,47.875,10.1875,1005.625,9,"Sep","Monsoon",1005.625,0,10.1875,0
"2015-09-10","train",31.25,46.5,8.5750000000000011,1006.75,9,"Sep","Monsoon",1006.75,0,8.5750000000000011,0
"2015-09-11","train",30.75,49.75,6.0124999999999993,1006.25,9,"Sep","Monsoon",1006.25,0,6.0124999999999993,0
"2015-09-12","train",32.142857142857146,54.428571428571431,3.1714285714285717,1006,9,"Sep","Monsoon",1006,0,3.1714285714285717,0
"2015-09-13","train",32.125,55.25,1.3875000000000002,1005.875,9,"Sep","Monsoon",1005.875,0,1.3875000000000002,0
"2015-09-14","train",31.875,54.375,2.5499999999999998,1003.625,9,"Sep","Monsoon",1003.625,0,2.5499999999999998,0
"2015-09-15","train",33,55,0.46250000000000002,1003.25,9,"Sep","Monsoon",1003.25,0,0.46250000000000002,0
"2015-09-16","train",32.375,55,1.3999999999999999,1003.625,9,"Sep","Monsoon",1003.625,0,1.3999999999999999,0
"2015-09-17","train",31.375,58.375,1.1625000000000001,1004.375,9,"Sep","Monsoon",1004.375,0,1.1625000000000001,0
"2015-09-18","train",31,67.625,7.4125000000000005,1005.125,9,"Sep","Monsoon",1005.125,0,7.4125000000000005,0
"2015-09-19","train",30.625,74.25,2.0875000000000004,1003.625,9,"Sep","Monsoon",1003.625,0,2.0875000000000004,0
"2015-09-20","train",29.142857142857142,69.142857142857139,5.5571428571428578,1002.8571428571429,9,"Sep","Monsoon",1002.8571428571429,0,5.5571428571428578,0
"2015-09-21","train",30.125,64.5,5.8000000000000016,1002.5,9,"Sep","Monsoon",1002.5,0,5.8000000000000016,0
"2015-09-22","train",30.25,64.375,10.187499999999998,1002.5,9,"Sep","Monsoon",1002.5,0,10.187499999999998,0
"2015-09-23","train",28.625,61.25,13.675000000000001,1006.375,9,"Sep","Monsoon",1006.375,0,13.675000000000001,0
"2015-09-24","train",28.25,52.375,11.574999999999999,1004.625,9,"Sep","Monsoon",1004.625,0,11.574999999999999,0
"2015-09-25","train",28.5,49.375,8.5749999999999993,1003.75,9,"Sep","Monsoon",1003.75,0,8.5749999999999993,0
"2015-09-26","train",29.25,53.5,6.25,1005.25,9,"Sep","Monsoon",1005.25,0,6.25,0
"2015-09-27","train",28.714285714285715,58.142857142857146,2.9142857142857146,1007,9,"Sep","Monsoon",1007,0,2.9142857142857146,0
"2015-09-28","train",28.25,58.5,3.9375,1009,9,"Sep","Monsoon",1009,0,3.9375,0
"2015-09-29","train",29,54.571428571428569,9.5285714285714285,1010.5714285714286,9,"Sep","Monsoon",1010.5714285714286,0,9.5285714285714285,0
"2015-09-30","train",29,46.875,8.3375000000000004,1011.375,9,"Sep","Monsoon",1011.375,0,8.3375000000000004,0
"2015-10-01","train",28.125,51.25,5.5749999999999993,1012,10,"Oct","Post-monsoon",1012,0,5.5749999999999993,0
"2015-10-02","train",28.285714285714285,53.714285714285715,14.5875,1010.75,10,"Oct","Post-monsoon",1010.75,0,14.5875,0
"2015-10-03","train",30,52.333333333333336,17.606249999999999,1008.7142857142857,10,"Oct","Post-monsoon",1008.7142857142857,0,18.785714285714285,1
"2015-10-04","train",29,54.375,3.0250000000000004,1008.125,10,"Oct","Post-monsoon",1008.125,0,3.0250000000000004,0
"2015-10-05","train",28.875,59.375,1.3875000000000002,1009.25,10,"Oct","Post-monsoon",1009.25,0,1.3875000000000002,0
"2015-10-06","train",28.375,61.125,4.6375000000000002,1009,10,"Oct","Post-monsoon",1009,0,4.6375000000000002,0
"2015-10-07","train",28.625,65.75,6.4750000000000005,1009.125,10,"Oct","Post-monsoon",1009.125,0,6.4750000000000005,0
"2015-10-08","train",28.375,65.125,4.4125000000000005,1007.5,10,"Oct","Post-monsoon",1007.5,0,4.4125000000000005,0
"2015-10-09","train",28.5,59.75,6.0250000000000004,1004.25,10,"Oct","Post-monsoon",1004.25,0,6.0250000000000004,0
"2015-10-10","train",28.5,54.625,6.7125000000000004,1005,10,"Oct","Post-monsoon",1005,0,6.7125000000000004,0
"2015-10-11","train",28.571428571428573,51.571428571428569,6.8857142857142861,1008.7142857142857,10,"Oct","Post-monsoon",1008.7142857142857,0,6.8857142857142861,0
"2015-10-12","train",29.25,54.125,3.25,1010,10,"Oct","Post-monsoon",1010,0,3.25,0
"2015-10-13","train",29.5,62.875,3.7250000000000005,1011,10,"Oct","Post-monsoon",1011,0,3.7250000000000005,0
"2015-10-14","train",28.125,63.625,4.8750000000000009,1013.25,10,"Oct","Post-monsoon",1013.25,0,4.8750000000000009,0
"2015-10-15","train",27.5,66,0.46250000000000002,1013.5,10,"Oct","Post-monsoon",1013.5,0,0.46250000000000002,0
"2015-10-16","train",27.875,62.625,0.92500000000000004,1013.5,10,"Oct","Post-monsoon",1013.5,0,0.92500000000000004,0
"2015-10-17","train",28,63.75,3.7124999999999999,1012.25,10,"Oct","Post-monsoon",1012.25,0,3.7124999999999999,0
"2015-10-18","train",26.857142857142858,71.714285714285708,11.112500000000001,1013.125,10,"Oct","Post-monsoon",1013.125,0,11.112500000000001,0
"2015-10-19","train",28.142857142857142,66.285714285714292,3.4571428571428577,1011.7142857142857,10,"Oct","Post-monsoon",1011.7142857142857,0,3.4571428571428577,0
"2015-10-20","train",27.714285714285715,64.857142857142861,2.9142857142857146,1009.8571428571429,10,"Oct","Post-monsoon",1009.8571428571429,0,2.9142857142857146,0
"2015-10-21","train",26.5,62.125,2.0874999999999999,1011.875,10,"Oct","Post-monsoon",1011.875,0,2.0874999999999999,0
"2015-10-22","train",24.75,56,4.4000000000000004,1012.25,10,"Oct","Post-monsoon",1012.25,0,4.4000000000000004,0
"2015-10-23","train",24,51.625,4.8625000000000007,1011.875,10,"Oct","Post-monsoon",1011.875,0,4.8625000000000007,0
"2015-10-24","train",24.875,53.25,1.4000000000000001,1011.625,10,"Oct","Post-monsoon",1011.625,0,1.4000000000000001,0
"2015-10-25","train",26.375,47.125,5.5750000000000002,1012.75,10,"Oct","Post-monsoon",1012.75,0,5.5750000000000002,0
"2015-10-26","train",25.625,52.125,5.5749999999999993,1014.875,10,"Oct","Post-monsoon",1014.875,0,5.5749999999999993,0
"2015-10-27","train",24.75,54.25,3.4749999999999996,1013.875,10,"Oct","Post-monsoon",1013.875,0,3.4749999999999996,0
"2015-10-28","train",20.875,57.25,7.8750000000000009,1015.875,10,"Oct","Post-monsoon",1015.875,0,7.8750000000000009,0
"2015-10-29","train",22.125,63.5,1.8500000000000001,1016.875,10,"Oct","Post-monsoon",1016.875,0,1.8500000000000001,0
"2015-10-30","train",22.375,67.25,1.625,1016.375,10,"Oct","Post-monsoon",1016.375,0,1.625,0
"2015-10-31","train",22.375,69.375,1.1625000000000001,1016.125,10,"Oct","Post-monsoon",1016.125,0,1.1625000000000001,0
"2015-11-01","train",22.875,70.5,0.92500000000000004,1016.25,11,"Nov","Post-monsoon",1016.25,0,0.92500000000000004,0
"2015-11-02","train",23.375,71.375,0.46250000000000002,1015.875,11,"Nov","Post-monsoon",1015.875,0,0.46250000000000002,0
"2015-11-03","train",24,67.875,0.47499999999999998,1014.25,11,"Nov","Post-monsoon",1014.25,0,0.47499999999999998,0
"2015-11-04","train",23.75,69,0.92500000000000004,1012.25,11,"Nov","Post-monsoon",1012.25,0,0.92500000000000004,0
"2015-11-05","train",22.125,75.25,5.1000000000000014,1012.375,11,"Nov","Post-monsoon",1012.375,0,5.1000000000000014,0
"2015-11-06","train",22.875,74.375,2.3250000000000002,1012.75,11,"Nov","Post-monsoon",1012.75,0,2.3250000000000002,0
"2015-11-07","train",21.875,74.875,1.1625000000000001,1014.625,11,"Nov","Post-monsoon",1014.625,0,1.1625000000000001,0
"2015-11-08","train",21.875,70.25,1.8624999999999998,1015.875,11,"Nov","Post-monsoon",1015.875,0,1.8624999999999998,0
"2015-11-09","train",21.75,73.625,0.69999999999999996,1015,11,"Nov","Post-monsoon",1015,0,0.69999999999999996,0
"2015-11-10","train",22.75,72.625,0.69999999999999996,1013.5,11,"Nov","Post-monsoon",1013.5,0,0.69999999999999996,0
"2015-11-11","train",21.875,59.5,4.6375000000000002,1014.375,11,"Nov","Post-monsoon",1014.375,0,4.6375000000000002,0
"2015-11-12","train",21.875,60.5,5.7874999999999996,1015.375,11,"Nov","Post-monsoon",1015.375,0,5.7874999999999996,0
"2015-11-13","train",22.375,59.375,5.3250000000000002,1014.875,11,"Nov","Post-monsoon",1014.875,0,5.3250000000000002,0
"2015-11-14","train",22.375,59.625,3.4750000000000001,1012,11,"Nov","Post-monsoon",1012,0,3.4750000000000001,0
"2015-11-15","train",22.5,62,0,1012,11,"Nov","Post-monsoon",1012,0,0,0
"2015-11-16","train",21.875,50.375,2.7874999999999996,1012.625,11,"Nov","Post-monsoon",1012.625,0,2.7874999999999996,0
"2015-11-17","train",19.875,48.375,5.1000000000000005,1013.5,11,"Nov","Post-monsoon",1013.5,0,5.1000000000000005,0
"2015-11-18","train",18.5,57.625,4.4000000000000004,1016.375,11,"Nov","Post-monsoon",1016.375,0,4.4000000000000004,0
"2015-11-19","train",18.5,64.75,0.92500000000000004,1017.5,11,"Nov","Post-monsoon",1017.5,0,0.92500000000000004,0
"2015-11-20","train",18.5,66,0.46250000000000002,1016.125,11,"Nov","Post-monsoon",1016.125,0,0.46250000000000002,0
"2015-11-21","train",18.75,67.625,1.3875000000000002,1015.5,11,"Nov","Post-monsoon",1015.5,0,1.3875000000000002,0
"2015-11-22","train",18.625,64.875,0.46250000000000002,1015.125,11,"Nov","Post-monsoon",1015.125,0,0.46250000000000002,0
"2015-11-23","train",17,73.5,0,1015.875,11,"Nov","Post-monsoon",1015.875,0,0,0
"2015-11-24","train",18.5,63,1.625,1016,11,"Nov","Post-monsoon",1016,0,1.625,0
"2015-11-25","train",19.375,56.375,5.7875000000000005,1014.75,11,"Nov","Post-monsoon",1014.75,0,5.7875000000000005,0
"2015-11-26","train",20,59.5,0.92500000000000004,1012.75,11,"Nov","Post-monsoon",1012.75,0,0.92500000000000004,0
"2015-11-27","train",18.5,66.25,2.5499999999999998,1011.25,11,"Nov","Post-monsoon",1011.25,0,2.5499999999999998,0
"2015-11-28","train",18.75,82.125,1.1625000000000001,1015.375,11,"Nov","Post-monsoon",1015.375,0,1.1625000000000001,0
"2015-11-29","train",18.125,81.25,1.1625000000000001,1018,11,"Nov","Post-monsoon",1018,0,1.1625000000000001,0
"2015-11-30","train",19.5,82.375,0.92500000000000004,1016.75,11,"Nov","Post-monsoon",1016.75,0,0.92500000000000004,0
"2015-12-01","train",19.25,78.75,1.625,1014.75,12,"Dec","Winter",1014.75,0,1.625,0
"2015-12-02","train",18.125,72.125,2.0874999999999999,1016.125,12,"Dec","Winter",1016.125,0,2.0874999999999999,0
"2015-12-03","train",17.625,70.25,7.1875,1016,12,"Dec","Winter",1016,0,7.1875,0
"2015-12-04","train",17.625,67.5,4.6375000000000002,1015,12,"Dec","Winter",1015,0,4.6375000000000002,0
"2015-12-05","train",17.5,72.375,0.92500000000000004,1015.875,12,"Dec","Winter",1015.875,0,0.92500000000000004,0
"2015-12-06","train",17.125,75.875,1.4000000000000001,1016.5,12,"Dec","Winter",1016.5,0,1.4000000000000001,0
"2015-12-07","train",17.625,76.875,2.3125,1017.25,12,"Dec","Winter",1017.25,0,2.3125,0
"2015-12-08","train",18.428571428571427,71.285714285714292,1.0571428571428572,1015.7142857142857,12,"Dec","Winter",1015.7142857142857,0,1.0571428571428572,0
"2015-12-09","train",18.375,78.125,3.4750000000000001,1015.25,12,"Dec","Winter",1015.25,0,3.4750000000000001,0
"2015-12-10","train",19,77.25,2.0875000000000004,1011.75,12,"Dec","Winter",1011.75,0,2.0875000000000004,0
"2015-12-11","train",17.25,77.875,5.1000000000000005,1011.375,12,"Dec","Winter",1011.375,0,5.1000000000000005,0
"2015-12-12","train",13.25,91,4.3999999999999995,1014.25,12,"Dec","Winter",1014.25,0,4.3999999999999995,0
"2015-12-13","train",12.875,67,3.4750000000000001,1016.5,12,"Dec","Winter",1016.5,0,3.4750000000000001,0
"2015-12-14","train",13.25,63.625,7.4000000000000012,1017,12,"Dec","Winter",1017,0,7.4000000000000012,0
"2015-12-15","train",13.125,63.875,5.3250000000000002,1016.5,12,"Dec","Winter",1016.5,0,5.3250000000000002,0
"2015-12-16","train",13,65.5,1.1625000000000001,1016.375,12,"Dec","Winter",1016.375,0,1.1625000000000001,0
"2015-12-17","train",12.25,73.625,0.92500000000000004,1016.875,12,"Dec","Winter",1016.875,0,0.92500000000000004,0
"2015-12-18","train",12.875,71.25,4.4000000000000004,1018.625,12,"Dec","Winter",1018.625,0,4.4000000000000004,0
"2015-12-19","train",12.375,71.875,3.4874999999999998,1019,12,"Dec","Winter",1019,0,3.4874999999999998,0
"2015-12-20","train",11.75,70.25,1.1625000000000001,1018.5,12,"Dec","Winter",1018.5,0,1.1625000000000001,0
"2015-12-21","train",12.625,74.75,1.3875000000000002,1018.875,12,"Dec","Winter",1018.875,0,1.3875000000000002,0
"2015-12-22","train",12,79.875,0.69999999999999996,1020.875,12,"Dec","Winter",1020.875,0,0.69999999999999996,0
"2015-12-23","train",12.5,81.375,3.4875000000000003,1020.625,12,"Dec","Winter",1020.625,0,3.4875000000000003,0
"2015-12-24","train",11.25,68.625,6.0250000000000004,1021.25,12,"Dec","Winter",1021.25,0,6.0250000000000004,0
"2015-12-25","train",11.5,66.125,5.5625,1022,12,"Dec","Winter",1022,0,5.5625,0
"2015-12-26","train",12.75,64.5,6.4874999999999998,1021.125,12,"Dec","Winter",1021.125,0,6.4874999999999998,0
"2015-12-27","train",15.375,63.25,7.8875000000000002,1020.625,12,"Dec","Winter",1020.625,0,7.8875000000000002,0
"2015-12-28","train",17.125,58.125,10.887499999999999,1020.875,12,"Dec","Winter",1020.875,0,10.887499999999999,0
"2015-12-29","train",16.375,65,7.4125000000000005,1018.125,12,"Dec","Winter",1018.125,0,7.4125000000000005,0
"2015-12-30","train",15.5,71.75,2.0999999999999996,1017.5,12,"Dec","Winter",1017.5,0,2.0999999999999996,0
"2015-12-31","train",15,71.375,2.0874999999999999,1020.5,12,"Dec","Winter",1020.5,0,2.0874999999999999,0
"2016-01-01","train",14.714285714285714,72.285714285714292,1.0571428571428572,1021.1428571428571,1,"Jan","Winter",1021.1428571428571,0,1.0571428571428572,0
"2016-01-02","train",14,75.875,2.0874999999999999,1021,1,"Jan","Winter",1021,0,2.0874999999999999,0
"2016-01-03","train",14.375,74.75,5.1125000000000007,1018.5,1,"Jan","Winter",1018.5,0,5.1125000000000007,0
"2016-01-04","train",15.75,77.125,0,1017.625,1,"Jan","Winter",1017.625,0,0,0
"2016-01-05","train",15.833333333333334,88.833333333333329,0.6166666666666667,1017,1,"Jan","Winter",1017,0,0.6166666666666667,0
"2016-01-06","train",17.375,81.625,2.3125,1016.5,1,"Jan","Winter",1016.5,0,2.3125,0
"2016-01-07","train",17.125,87,0,1018.125,1,"Jan","Winter",1018.125,0,0,0
"2016-01-08","train",15.5,83.25,7.8875000000000011,1017.25,1,"Jan","Winter",1017.25,0,7.8875000000000011,0
"2016-01-09","train",15.857142857142858,65.142857142857139,8.4714285714285715,1015.4285714285714,1,"Jan","Winter",1015.4285714285714,0,8.4714285714285715,0
"2016-01-10","train",15.625,74.375,2.7749999999999999,1017.5,1,"Jan","Winter",1017.5,0,2.7749999999999999,0
"2016-01-11","train",15.75,74.875,1.625,1017.5,1,"Jan","Winter",1017.5,0,1.625,0
"2016-01-12","train",18,69.6875,6.03125,1014.9375,1,"Jan","Winter",1014.9375,0,6.03125,0
"2016-01-13","train",18.266666666666666,75.799999999999997,5.0800000000000001,1014.3333333333334,1,"Jan","Winter",1014.3333333333334,0,5.0800000000000001,0
"2016-01-14","train",15.5625,80.4375,4.3000000000000007,1016.125,1,"Jan","Winter",1016.125,0,4.3000000000000007,0
"2016-01-15","train",13,84.1875,10.775,1017,1,"Jan","Winter",1017,0,10.775,0
"2016-01-16","train",13.6,80.066666666666663,11.239999999999998,1014.6,1,"Jan","Winter",1014.6,0,11.239999999999998,0
"2016-01-17","train",14,77.666666666666671,2.1066666666666665,1016.2,1,"Jan","Winter",1016.2,0,2.1066666666666665,0
"2016-01-18","train",13.266666666666667,80.466666666666669,1.4800000000000002,1014.7333333333333,1,"Jan","Winter",1014.7333333333333,0,1.4800000000000002,0
"2016-01-19","train",12.357142857142858,88.571428571428569,4.6500000000000004,1015.2857142857143,1,"Jan","Winter",1015.2857142857143,0,4.6500000000000004,0
"2016-01-20","train",12.066666666666666,84.200000000000003,6.1933333333333334,1018.6666666666666,1,"Jan","Winter",1018.6666666666666,0,6.1933333333333334,0
"2016-01-21","train",12.1875,73.1875,7.8874999999999984,1020.1875,1,"Jan","Winter",1020.1875,0,7.8874999999999984,0
"2016-01-22","train",11.733333333333333,83.400000000000006,3.5866666666666669,1019.4666666666667,1,"Jan","Winter",1019.4666666666667,0,3.5866666666666669,0
"2016-01-23","train",14.4375,75.875,3.2500000000000004,1019.8125,1,"Jan","Winter",1019.8125,0,3.2500000000000004,0
"2016-01-24","train",11.1875,86.25,6.6249999999999991,1019.0625,1,"Jan","Winter",1019.0625,0,6.6249999999999991,0
"2016-01-25","train",11.666666666666666,75.400000000000006,4.5800000000000001,1017.2,1,"Jan","Winter",1017.2,0,4.5800000000000001,0
"2016-01-26","train",14.5625,79.6875,2.5500000000000003,1015.375,1,"Jan","Winter",1015.375,0,2.5500000000000003,0
"2016-01-27","train",17.583333333333332,69.166666666666671,4.0250000000000004,1014.1666666666666,1,"Jan","Winter",1014.1666666666666,0,4.0250000000000004,0
"2016-01-28","train",16.857142857142858,69.357142857142861,5.0285714285714294,1015.0714285714286,1,"Jan","Winter",1015.0714285714286,0,5.0285714285714294,0
"2016-01-29","train",19.5625,70.625,2.5437500000000002,1017.375,1,"Jan","Winter",1017.375,0,2.5437500000000002,0
"2016-01-30","train",20.142857142857142,78.5,1.2,1014.5,1,"Jan","Winter",1014.5,0,1.2,0
"2016-01-31","train",17.375,78.25,7.7625000000000011,1016,1,"Jan","Winter",1016,0,7.7625000000000011,0
"2016-02-01","train",15.846153846153847,65.769230769230774,7.2692307692307683,1017.1538461538462,2,"Feb","Winter",1017.1538461538462,0,7.2692307692307683,0
"2016-02-02","train",15.266666666666667,55.866666666666667,8.8933333333333326,1018.2,2,"Feb","Winter",1018.2,0,8.8933333333333326,0
"2016-02-03","train",13.125,66.5,7.6222222222222218,1018,2,"Feb","Winter",1018,0,7.6222222222222218,0
"2016-02-04","train",16.363636363636363,53,6.9416666666666664,1017.3333333333334,2,"Feb","Winter",1017.3333333333334,0,6.9416666666666664,0
"2016-02-05","train",12.666666666666666,70.666666666666671,2.1666666666666665,1016.8333333333334,2,"Feb","Winter",1016.8333333333334,0,2.1666666666666665,0
"2016-02-06","train",15.333333333333334,69.5,3.6999999999999997,1013.3333333333334,2,"Feb","Winter",1013.3333333333334,0,3.6999999999999997,0
"2016-02-07","train",15.625,77,2.7875000000000001,1015.75,2,"Feb","Winter",1015.75,0,2.7875000000000001,0
"2016-02-08","train",17.09090909090909,67.181818181818187,5.9000000000000004,1017.0909090909091,2,"Feb","Winter",1017.0909090909091,0,5.9000000000000004,0
"2016-02-09","train",17.76923076923077,67.461538461538467,5.8461538461538476,1014.6923076923077,2,"Feb","Winter",1014.6923076923077,0,5.8461538461538476,0
"2016-02-10","train",18.133333333333333,64.86666666666666,2.1000000000000001,1012.7333333333333,2,"Feb","Winter",1012.7333333333333,0,2.1000000000000001,0
"2016-02-11","train",19.6875,54.75,6.03125,1011.25,2,"Feb","Winter",1011.25,0,6.03125,0
"2016-02-12","train",19.199999999999999,57.866666666666667,0.74666666666666659,1012.5333333333333,2,"Feb","Winter",1012.5333333333333,0,0.74666666666666659,0
"2016-02-13","train",17.066666666666666,62.133333333333333,5.8066666666666675,1014.8666666666667,2,"Feb","Winter",1014.8666666666667,0,5.8066666666666675,0
"2016-02-14","train",17.642857142857142,61.928571428571431,8.0714285714285712,1017.2142857142857,2,"Feb","Winter",1017.2142857142857,0,8.0714285714285712,0
"2016-02-15","train",17.600000000000001,59.533333333333331,5.9400000000000004,1018.7333333333333,2,"Feb","Winter",1018.7333333333333,0,5.9400000000000004,0
"2016-02-16","train",18.214285714285715,56.142857142857146,5.4357142857142851,1020.0714285714286,2,"Feb","Winter",1020.0714285714286,0,5.4357142857142851,0
"2016-02-17","train",18.714285714285715,59.285714285714285,3.7071428571428577,1019.1428571428571,2,"Feb","Winter",1019.1428571428571,0,3.7071428571428577,0
"2016-02-18","train",19.466666666666665,76,5.1866666666666674,1017.4,2,"Feb","Winter",1017.4,0,5.1866666666666674,0
"2016-02-19","train",23.153846153846153,70.230769230769226,4.1461538461538465,1014.6153846153846,2,"Feb","Winter",1014.6153846153846,0,4.1461538461538465,0
"2016-02-20","train",23.625,73.125,11.11875,1014.125,2,"Feb","Winter",1014.125,0,11.11875,0
"2016-02-21","train",21,61.125,17.137500000000003,1014.75,2,"Feb","Winter",1014.75,0,17.137500000000003,0
"2016-02-22","train",21,51.428571428571431,15.207142857142859,1014.4285714285714,2,"Feb","Winter",1014.4285714285714,0,15.207142857142859,0
"2016-02-23","train",21.428571428571427,50.642857142857146,9.7857142857142865,1012.5,2,"Feb","Winter",1012.5,0,9.7857142857142865,0
"2016-02-24","train",21.6875,58.0625,2.4437500000000005,1012.9375,2,"Feb","Winter",1012.9375,0,2.4437500000000005,0
"2016-02-25","train",22.5625,57.5,5.3375000000000004,1015.5,2,"Feb","Winter",1015.5,0,5.3375000000000004,0
"2016-02-26","train",22.800000000000001,55.600000000000001,2.48,1018.4,2,"Feb","Winter",1018.4,0,2.48,0
"2016-02-27","train",22.800000000000001,59,3.3333333333333339,1018.4666666666667,2,"Feb","Winter",1018.4666666666667,0,3.3333333333333339,0
"2016-02-28","train",23,63.0625,3.7125000000000008,1018.9375,2,"Feb","Winter",1018.9375,0,3.7125000000000008,0
"2016-02-29","train",23.875,63.9375,3.7125000000000008,1018.625,2,"Feb","Winter",1018.625,0,3.7125000000000008,0
"2016-03-01","train",24.916666666666668,57.416666666666664,1.7,1015,3,"Mar","Summer",1015,0,1.7,0
"2016-03-02","train",24.933333333333334,57.06666666666667,1.7333333333333334,1015.4,3,"Mar","Summer",1015.4,0,1.7333333333333334,0
"2016-03-03","train",26,55.615384615384613,4.2923076923076922,1014.6153846153846,3,"Mar","Summer",1014.6153846153846,0,4.2923076923076922,0
"2016-03-04","train",27.3125,44.25,6.1437499999999998,1012.6875,3,"Mar","Summer",1012.6875,0,6.1437499999999998,0
"2016-03-05","train",23.933333333333334,57.133333333333333,11,1012.6666666666666,3,"Mar","Summer",1012.6666666666666,0,11,0
"2016-03-06","train",22.8125,66.5625,5.21875,1013.0625,3,"Mar","Summer",1013.0625,0,5.21875,0
"2016-03-07","train",23.714285714285715,64.142857142857139,5.1714285714285717,1012.3571428571429,3,"Mar","Summer",1012.3571428571429,0,5.1714285714285717,0
"2016-03-08","train",23.428571428571427,60.214285714285715,6.742857142857142,1011.6428571428571,3,"Mar","Summer",1011.6428571428571,0,6.742857142857142,0
"2016-03-09","train",24,57.5625,9.375,1012.0625,3,"Mar","Summer",1012.0625,0,9.375,0
"2016-03-10","train",25.5625,57.4375,7.9812499999999993,1013.1875,3,"Mar","Summer",1013.1875,0,7.9812499999999993,0
"2016-03-11","train",25.066666666666666,67.799999999999997,6.5466666666666669,1012.5333333333333,3,"Mar","Summer",1012.5333333333333,0,6.5466666666666669,0
"2016-03-12","train",24.5625,66.9375,9.4874999999999989,1009.5625,3,"Mar","Summer",1009.5625,0,9.4874999999999989,0
"2016-03-13","train",24.25,65.1875,6.84375,1011.1875,3,"Mar","Summer",1011.1875,0,6.84375,0
"2016-03-14","train",22.375,66,6.2750000000000004,1014.3125,3,"Mar","Summer",1014.3125,0,6.2750000000000004,0
"2016-03-15","train",24.066666666666666,58.93333333333333,8.6466666666666665,1014.8666666666667,3,"Mar","Summer",1014.8666666666667,0,8.6466666666666665,0
"2016-03-16","train",23.9375,53.75,10.88125,1012.8125,3,"Mar","Summer",1012.8125,0,10.88125,0
"2016-03-17","train",26.3125,50.3125,6.84375,1010.4375,3,"Mar","Summer",1010.4375,0,6.84375,0
"2016-03-18","train",26.1875,61.25,6.7125000000000004,1009.8125,3,"Mar","Summer",1009.8125,0,6.7125000000000004,0
"2016-03-19","train",26.785714285714285,61.857142857142854,3.5785714285714292,1009.2142857142857,3,"Mar","Summer",1009.2142857142857,0,3.5785714285714292,0
"2016-03-20","train",27.133333333333333,58.733333333333334,2.8466666666666667,1010.3333333333334,3,"Mar","Summer",1010.3333333333334,0,2.8466666666666667,0
"2016-03-21","train",26.625,43.375,12.262499999999999,1011.125,3,"Mar","Summer",1011.125,0,12.262499999999999,0
"2016-03-22","train",25.0625,37.875,17.606249999999999,1009.375,3,"Mar","Summer",1009.375,0,22.100000000000001,1
"2016-03-23","train",26.199999999999999,43.266666666666666,10.641666666666667,1010,3,"Mar","Summer",1010,0,10.641666666666667,0
"2016-03-24","train",28.133333333333333,46.866666666666667,3.2133333333333334,1013.3333333333334,3,"Mar","Summer",1013.3333333333334,0,3.2133333333333334,0
"2016-03-25","train",29.875,50.1875,3.3687500000000004,1013.1875,3,"Mar","Summer",1013.1875,0,3.3687500000000004,0
"2016-03-26","train",24.666666666666668,62.666666666666664,9.3933333333333344,1013.6,3,"Mar","Summer",1013.6,0,9.3933333333333344,0
"2016-03-27","train",26.25,53.6875,9.1562499999999964,1012.8125,3,"Mar","Summer",1012.8125,0,9.1562499999999964,0
"2016-03-28","train",25.933333333333334,52.799999999999997,6.5466666666666669,1012.0625,3,"Mar","Summer",7679.333333333333,1,6.5466666666666669,0
"2016-03-29","train",27.125,47.75,7.2937499999999993,1011.3125,3,"Mar","Summer",1011.3125,0,7.2937499999999993,0
"2016-03-30","train",29.571428571428573,39.785714285714285,7.0214285714285714,1011.1428571428571,3,"Mar","Summer",1011.1428571428571,0,7.0214285714285714,0
"2016-03-31","train",30,39.733333333333334,4.333333333333333,1009.2,3,"Mar","Summer",1009.2,0,4.333333333333333,0
"2016-04-01","train",30.571428571428573,38.214285714285715,12.035714285714283,1006.7142857142857,4,"Apr","Summer",1006.7142857142857,0,12.035714285714283,0
"2016-04-02","train",32.3125,38.5625,5.4625000000000004,1008,4,"Apr","Summer",1008,0,5.4625000000000004,0
"2016-04-03","train",33.3125,44.25,2.5499999999999998,1008.375,4,"Apr","Summer",1008.375,0,2.5499999999999998,0
"2016-04-04","train",32.8125,33.125,8,1006.6875,4,"Apr","Summer",1006.6875,0,8,0
"2016-04-05","train",32.3125,29.3125,9.2687499999999989,1007,4,"Apr","Summer",1007,0,9.2687499999999989,0
"2016-04-06","train",31.375,33.125,3.4750000000000001,1006.875,4,"Apr","Summer",1006.875,0,3.4750000000000001,0
"2016-04-07","train",29.933333333333334,37,10.85,1007.2666666666667,4,"Apr","Summer",1007.2666666666667,0,10.85,0
"2016-04-08","train",29.266666666666666,36,4.6866666666666674,1009.2,4,"Apr","Summer",1009.2,0,4.6866666666666674,0
"2016-04-09","train",30.733333333333334,32.466666666666669,12.61875,1009.3125,4,"Apr","Summer",1009.3125,0,12.61875,0
"2016-04-10","train",32.25,29,5.2249999999999996,1008.8125,4,"Apr","Summer",1008.8125,0,5.2249999999999996,0
"2016-04-11","train",29.800000000000001,35,16.039999999999999,1009.4,4,"Apr","Summer",1009.4,0,16.039999999999999,0
"2016-04-12","train",30.199999999999999,36.200000000000003,17.606249999999999,1006.3333333333334,4,"Apr","Summer",1006.3333333333334,0,19.380000000000003,1
"2016-04-13","train",31.75,28.0625,17.606249999999999,1003.3125,4,"Apr","Summer",1003.3125,0,18.643749999999997,1
"2016-04-14","train",33.125,23.875,10.425000000000001,1003.8125,4,"Apr","Summer",1003.8125,0,10.425000000000001,0
"2016-04-15","train",33.625,25.375,9.8375000000000004,1004.625,4,"Apr","Summer",1004.625,0,9.8375000000000004,0
"2016-04-16","train",35.6875,23.6875,11.112499999999999,1003.0625,4,"Apr","Summer",1003.0625,0,11.112499999999999,0
"2016-04-17","train",34.666666666666664,23.866666666666667,9.3866666666666649,1002.6666666666666,4,"Apr","Summer",1002.6666666666666,0,9.3866666666666649,0
"2016-04-18","train",34.625,30.125,7.1749999999999998,1004.6875,4,"Apr","Summer",1004.6875,0,7.1749999999999998,0
"2016-04-19","train",34,33.600000000000001,4.5666666666666664,1005.8666666666667,4,"Apr","Summer",1005.8666666666667,0,4.5666666666666664,0
"2016-04-20","train",34.0625,25.9375,14.018750000000001,1006.4375,4,"Apr","Summer",1006.4375,0,14.018750000000001,0
"2016-04-21","train",34,24.666666666666668,15.75,1003.4,4,"Apr","Summer",1003.4,0,15.75,0
"2016-04-22","train",33.25,24.25,8.3499999999999996,1001.7272727272727,4,"Apr","Summer",1001.7272727272727,0,8.3499999999999996,0
"2016-04-23","train",31.916666666666668,21.818181818181817,17.606249999999999,1001.8461538461538,4,"Apr","Summer",1001.8461538461538,0,19.653846153846157,1
"2016-04-24","train",31.3125,22.125,10.1875,1003.0625,4,"Apr","Summer",1003.0625,0,10.1875,0
"2016-04-25","train",31.75,22.8125,6.9499999999999993,1005.5625,4,"Apr","Summer",1005.5625,0,6.9499999999999993,0
"2016-04-26","train",33.4375,25.1875,3.8312500000000003,1007.1875,4,"Apr","Summer",1007.1875,0,3.8312500000000003,0
"2016-04-27","train",33.125,29.0625,4.9812499999999993,1005.6875,4,"Apr","Summer",1005.6875,0,4.9812499999999993,0
"2016-04-28","train",34.153846153846153,21.76923076923077,11.823076923076922,1004.6923076923077,4,"Apr","Summer",1004.6923076923077,0,11.823076923076922,0
"2016-04-29","train",34.071428571428569,23.285714285714285,9.1230769230769226,1005.7142857142857,4,"Apr","Summer",1005.7142857142857,0,9.1230769230769226,0
"2016-04-30","train",33.0625,25.5625,5.2125000000000004,1004.8125,4,"Apr","Summer",1004.8125,0,5.2125000000000004,0
"2016-05-01","train",34.6875,23.375,8.5749999999999993,1002.4375,5,"May","Summer",1002.4375,0,8.5749999999999993,0
"2016-05-02","train",38,18.466666666666665,9.5133333333333336,1002.2,5,"May","Summer",1002.2,0,9.5133333333333336,0
"2016-05-03","train",35.5,30.375,6.4937499999999995,1004.3125,5,"May","Summer",1004.3125,0,6.4937499999999995,0
"2016-05-04","train",33.714285714285715,31.857142857142858,10.464285714285717,1003.7857142857143,5,"May","Summer",1003.7857142857143,0,10.464285714285717,0
"2016-05-05","train",30.600000000000001,42,11.246666666666666,1007.4666666666667,5,"May","Summer",1007.4666666666667,0,11.246666666666666,0
"2016-05-06","train",31.4375,37.4375,8.2249999999999996,1007,5,"May","Summer",1007,0,8.2249999999999996,0
"2016-05-07","train",33.3125,37.1875,4.6500000000000004,1005.5625,5,"May","Summer",1005.5625,0,4.6500000000000004,0
"2016-05-08","train",35.133333333333333,36.333333333333336,7.2933333333333321,1005.9333333333333,5,"May","Summer",1005.9333333333333,0,7.2933333333333321,0
"2016-05-09","train",33.533333333333331,40.600000000000001,17.606249999999999,1006.0625,5,"May","Summer",1006.0625,0,18.425000000000001,1
"2016-05-10","train",34,39.75,10.55625,1006.5625,5,"May","Summer",1006.5625,0,10.55625,0
"2016-05-11","train",32.5,49.9375,7.7749999999999986,1006.0625,5,"May","Summer",1006.0625,0,7.7749999999999986,0
"2016-05-12","train",35.375,40,5.0999999999999996,1002.25,5,"May","Summer",1002.25,0,5.0999999999999996,0
"2016-05-13","train",37.294117647058826,28.117647058823529,8.0705882352941192,1001.3529411764706,5,"May","Summer",1001.3529411764706,0,8.0705882352941192,0
"2016-05-14","train",36.5625,31.875,4.1687500000000002,1003.125,5,"May","Summer",1003.125,0,4.1687500000000002,0
"2016-05-15","train",37.25,29.5,4.75,1003.5625,5,"May","Summer",1003.5625,0,4.75,0
"2016-05-16","train",37.214285714285715,23.5,9.0199999999999978,1000.8,5,"May","Summer",1000.8,0,9.0199999999999978,0
"2016-05-17","train",37.5,25.8125,9.6124999999999989,998.9375,5,"May","Summer",998.9375,0,9.6124999999999989,0
"2016-05-18","train",37.75,27.625,8.4499999999999993,997.8125,5,"May","Summer",997.8125,0,8.4499999999999993,0
"2016-05-19","train",37.375,40.5,9.3874999999999993,998.625,5,"May","Summer",998.625,0,9.3874999999999993,0
"2016-05-20","train",37.399999999999999,44.200000000000003,8.413333333333334,996.93333333333328,5,"May","Summer",996.93333333333328,0,8.413333333333334,0
"2016-05-21","train",36.133333333333333,45.399999999999999,10.873333333333333,995.93333333333328,5,"May","Summer",995.93333333333328,0,10.873333333333333,0
"2016-05-22","train",36.799999999999997,44.799999999999997,6.5533333333333328,996.4666666666667,5,"May","Summer",996.4666666666667,0,6.5533333333333328,0
"2016-05-23","train",32.214285714285715,47.928571428571431,14.949999999999999,999.57142857142856,5,"May","Summer",999.57142857142856,0,14.949999999999999,0
"2016-05-24","train",31.526315789473685,53.526315789473685,8.4947368421052634,1000.7368421052631,5,"May","Summer",1000.7368421052631,0,8.4947368421052634,0
"2016-05-25","train",33.217391304347828,46.608695652173914,10.160869565217393,997.47826086956525,5,"May","Summer",997.47826086956525,0,10.160869565217393,0
"2016-05-26","train",35.269230769230766,44.57692307692308,15.17692307692308,999.15384615384619,5,"May","Summer",999.15384615384619,0,15.17692307692308,0
"2016-05-27","train",38.272727272727273,26.09090909090909,15.31818181818182,999.9545454545455,5,"May","Summer",999.9545454545455,0,15.31818181818182,0
"2016-05-28","train",36.0625,37.25,14.405555555555553,999.83333333333337,5,"May","Summer",999.83333333333337,0,14.405555555555553,0
"2016-05-29","train",31.5,57.0625,11.68125,1001.25,5,"May","Summer",1001.25,0,11.68125,0
"2016-05-30","train",26.8125,74.8125,9.4875000000000007,1003.8125,5,"May","Summer",1003.8125,0,9.4875000000000007,0
"2016-05-31","train",32.642857142857146,51.214285714285715,7.4071428571428575,1002.3076923076923,5,"May","Summer",1002.3076923076923,0,7.4071428571428575,0
"2016-06-01","train",36,42.200000000000003,9.1333333333333346,1002.7333333333333,6,"Jun","Monsoon",1002.7333333333333,0,9.1333333333333346,0
"2016-06-02","train",37.5625,35.3125,11.93125,1002,6,"Jun","Monsoon",1002,0,11.93125,0
"2016-06-03","train",37.5625,40.6875,2.7812500000000004,1002.25,6,"Jun","Monsoon",1002.25,0,2.7812500000000004,0
"2016-06-04","train",38.200000000000003,42.06666666666667,3.2066666666666666,1001.8666666666667,6,"Jun","Monsoon",1001.8666666666667,0,3.2066666666666666,0
"2016-06-05","train",36.166666666666664,51.75,8.5,1002.8333333333334,6,"Jun","Monsoon",1002.8333333333334,0,8.5,0
"2016-06-06","train",35.428571428571431,45.714285714285715,11,1001.5714285714286,6,"Jun","Monsoon",1001.5714285714286,0,11,0
"2016-06-07","train",34.625,59.1875,17.606249999999999,1002.0625,6,"Jun","Monsoon",1002.0625,0,21.306250000000002,1
"2016-06-08","train",36.071428571428569,44.642857142857146,8.485714285714284,999.21428571428567,6,"Jun","Monsoon",999.21428571428567,0,8.485714285714284,0
"2016-06-09","train",35.733333333333334,43.733333333333334,9.2599999999999998,998.73214285714289,6,"Jun","Monsoon",938.06666666666672,1,9.2599999999999998,0
"2016-06-10","train",36.133333333333333,41.866666666666667,10.081250000000001,998.25,6,"Jun","Monsoon",998.25,0,10.081250000000001,0
"2016-06-11","train",33.4375,49.9375,8.8125000000000018,999,6,"Jun","Monsoon",999,0,8.8125000000000018,0
"2016-06-12","train",35.5,37.125,9.1624999999999996,998.8125,6,"Jun","Monsoon",998.8125,0,9.1624999999999996,0
"2016-06-13","train",36,43.3125,12.85,998.1875,6,"Jun","Monsoon",998.1875,0,12.85,0
"2016-06-14","train",32.625,55.125,11.859999999999998,997.8125,6,"Jun","Monsoon",997.8125,0,11.859999999999998,0
"2016-06-15","train",34.733333333333334,48.866666666666667,10.513333333333332,996.13333333333333,6,"Jun","Monsoon",996.13333333333333,0,10.513333333333332,0
"2016-06-16","train",33.5,51.285714285714285,11.392857142857141,999,6,"Jun","Monsoon",999,0,11.392857142857141,0
"2016-06-17","train",34.1875,52.25,7.4249999999999998,999.42857142857144,6,"Jun","Monsoon",999.42857142857144,0,7.4249999999999998,0
"2016-06-18","train",35.857142857142854,50.571428571428569,10.857142857142858,1000.8571428571429,6,"Jun","Monsoon",1000.8571428571429,0,10.857142857142858,0
"2016-06-19","train",35.625,53.25,9.3874999999999975,1001.375,6,"Jun","Monsoon",1001.375,0,9.3874999999999975,0
"2016-06-20","train",30.9375,73.9375,7.6437500000000007,1000.6875,6,"Jun","Monsoon",1000.6875,0,7.6437500000000007,0
"2016-06-21","train",32.875,62.1875,8.9187499999999993,999.9375,6,"Jun","Monsoon",999.9375,0,8.9187499999999993,0
"2016-06-22","train",33.125,60.8125,7.4187500000000011,1001.5625,6,"Jun","Monsoon",1001.5625,0,7.4187500000000011,0
"2016-06-23","train",33.846153846153847,51.615384615384613,5.8750000000000009,999.69230769230774,6,"Jun","Monsoon",999.69230769230774,0,5.8750000000000009,0
"2016-06-24","train",36.4375,46.5625,7.7624999999999993,998.3125,6,"Jun","Monsoon",998.3125,0,7.7624999999999993,0
"2016-06-25","train",35.428571428571431,55.928571428571431,9.6642857142857128,1000.0714285714286,6,"Jun","Monsoon",1000.0714285714286,0,9.6642857142857128,0
"2016-06-26","train",34.866666666666667,57.466666666666669,7.660000000000001,1000.375,6,"Jun","Monsoon",1000.375,0,7.660000000000001,0
"2016-06-27","train",34.3125,61.25,7.9937499999999995,998.86666666666667,6,"Jun","Monsoon",998.86666666666667,0,7.9937499999999995,0
"2016-06-28","train",30.785714285714285,75.071428571428569,5.4357142857142851,1001.5,6,"Jun","Monsoon",1001.5,0,5.4357142857142851,0
"2016-06-29","train",35.375,58.875,8.4499999999999975,1001.1875,6,"Jun","Monsoon",1001.1875,0,8.4499999999999975,0
"2016-06-30","train",35.466666666666669,60.200000000000003,6.793333333333333,997.86666666666667,6,"Jun","Monsoon",997.86666666666667,0,6.793333333333333,0
"2016-07-01","train",32.125,73.400000000000006,8.3499999999999996,1002.5625,7,"Jul","Monsoon",1002.5625,0,8.3499999999999996,0
"2016-07-02","train",28.399999999999999,80,5.2312500000000011,998.375,7,"Jul","Monsoon",998.375,0,5.2312500000000011,0
"2016-07-03","train",29.5625,78.125,1.96875,998.25,7,"Jul","Monsoon",998.25,0,1.96875,0
"2016-07-04","train",30.6875,76.3125,3.4812500000000011,997.125,7,"Jul","Monsoon",997.125,0,3.4812500000000011,0
"2016-07-05","train",33.25,68.6875,5.3375000000000004,995.5625,7,"Jul","Monsoon",995.5625,0,5.3375000000000004,0
"2016-07-06","train",33.266666666666666,64.066666666666663,8.8785714285714281,996.86666666666667,7,"Jul","Monsoon",996.86666666666667,0,8.8785714285714281,0
"2016-07-07","train",33.5,63,5.9187500000000002,997.6875,7,"Jul","Monsoon",997.6875,0,5.9187500000000002,0
"2016-07-08","train",30.800000000000001,75.86666666666666,5.4333333333333345,997.39999999999998,7,"Jul","Monsoon",997.39999999999998,0,5.4333333333333345,0
"2016-07-09","train",33.25,66.0625,6.7312500000000002,996.75,7,"Jul","Monsoon",996.75,0,6.7312500000000002,0
"2016-07-10","train",32.5625,65.6875,4.7000000000000002,996.0625,7,"Jul","Monsoon",996.0625,0,4.7000000000000002,0
"2016-07-11","train",31.5,71.9375,8.0466666666666651,997.75,7,"Jul","Monsoon",997.75,0,8.0466666666666651,0
"2016-07-12","train",30.5,80.1875,5.5625,999.0625,7,"Jul","Monsoon",999.0625,0,5.5625,0
"2016-07-13","train",31.25,76.3125,6.8066666666666666,998.4375,7,"Jul","Monsoon",998.4375,0,6.8066666666666666,0
"2016-07-14","train",30.4375,80.4375,5.21875,998.375,7,"Jul","Monsoon",998.375,0,5.21875,0
"2016-07-15","train",31,78.0625,7.2714285714285714,998.625,7,"Jul","Monsoon",998.625,0,7.2714285714285714,0
"2016-07-16","train",27.125,93.875,4.371428571428571,999.875,7,"Jul","Monsoon",999.875,0,4.371428571428571,0
"2016-07-17","train",28.125,86.5625,6.6000000000000005,1001.3333333333334,7,"Jul","Monsoon",1001.3333333333334,0,6.6000000000000005,0
"2016-07-18","train",27.666666666666668,91.266666666666666,7.6533333333333333,1000.8,7,"Jul","Monsoon",1000.8,0,7.6533333333333333,0
"2016-07-19","train",32.3125,69.125,13.656249999999998,999.875,7,"Jul","Monsoon",999.875,0,13.656249999999998,0
"2016-07-20","train",34.1875,59.5625,12.9625,999.625,7,"Jul","Monsoon",999.625,0,12.9625,0
"2016-07-21","train",34.133333333333333,56.866666666666667,11.479999999999999,999.26666666666665,7,"Jul","Monsoon",999.26666666666665,0,11.479999999999999,0
"2016-07-22","train",34.125,56.125,8.6875000000000018,999.33333333333337,7,"Jul","Monsoon",999.33333333333337,0,8.6875000000000018,0
"2016-07-23","train",31.875,66,7.7687500000000007,1001.625,7,"Jul","Monsoon",1001.625,0,7.7687500000000007,0
"2016-07-24","train",31.4375,72.25,2.4312499999999999,1001.75,7,"Jul","Monsoon",946.3125,1,2.4312499999999999,0
"2016-07-25","train",31.9375,69.125,2.9125000000000005,1001.875,7,"Jul","Monsoon",1001.875,0,2.9125000000000005,0
"2016-07-26","train",30.3125,82,6.4857142857142867,1003.125,7,"Jul","Monsoon",1003.125,0,6.4857142857142867,0
"2016-07-27","train",28.3125,88.25,4.2937500000000011,1004.625,7,"Jul","Monsoon",1004.625,0,4.2937500000000011,0
"2016-07-28","train",29.533333333333335,81.333333333333329,5.1866666666666674,1002.0666666666667,7,"Jul","Monsoon",1002.0666666666667,0,5.1866666666666674,0
"2016-07-29","train",27.375,92.4375,2.4312499999999999,1000.9375,7,"Jul","Monsoon",1000.9375,0,2.4312499999999999,0
"2016-07-30","train",27.333333333333332,92.266666666666666,1.8599999999999999,1001.2,7,"Jul","Monsoon",1001.2,0,1.8599999999999999,0
"2016-07-31","train",29.266666666666666,83.13333333333334,4.7000000000000002,1000.6666666666666,7,"Jul","Monsoon",1000.6666666666666,0,4.7000000000000002,0
"2016-08-01","train",29.125,84.25,5.9125000000000005,999.125,8,"Aug","Monsoon",999.125,0,5.9125000000000005,0
"2016-08-02","train",30.6875,72.125,6.375,998.8125,8,"Aug","Monsoon",310.4375,1,6.375,0
"2016-08-03","train",32.5625,63.5625,5.4500000000000002,998.5,8,"Aug","Monsoon",998.5,0,5.4500000000000002,0
"2016-08-04","train",33.111111111111114,63.888888888888886,7.9277777777777789,998.77777777777783,8,"Aug","Monsoon",998.77777777777783,0,7.9277777777777789,0
"2016-08-05","train",33.799999999999997,61.666666666666664,4.3199999999999994,999.33333333333337,8,"Aug","Monsoon",999.33333333333337,0,4.3199999999999994,0
"2016-08-06","train",30.066666666666666,76,6.9266666666666667,1000.8,8,"Aug","Monsoon",1000.8,0,6.9266666666666667,0
"2016-08-07","train",33.117647058823529,65.17647058823529,7.852941176470587,1000.5294117647059,8,"Aug","Monsoon",1000.5294117647059,0,7.852941176470587,0
"2016-08-08","train",33.80952380952381,62.38095238095238,9.4409090909090914,999.63636363636363,8,"Aug","Monsoon",999.63636363636363,0,9.4409090909090914,0
"2016-08-09","train",31.615384615384617,71.65384615384616,9.5499999999999989,998.5,8,"Aug","Monsoon",998.5,0,9.5499999999999989,0
"2016-08-10","train",32,71.259259259259252,10.159259259259262,999.37037037037032,8,"Aug","Monsoon",999.37037037037032,0,10.159259259259262,0
"2016-08-11","train",28.107142857142858,89.464285714285708,7.8214285714285703,1001.6071428571429,8,"Aug","Monsoon",1001.6071428571429,0,7.8214285714285703,0
"2016-08-12","train",29.035714285714285,85,3.848148148148149,1002.2857142857143,8,"Aug","Monsoon",1002.2857142857143,0,3.848148148148149,0
"2016-08-13","train",30.321428571428573,77.071428571428569,3.2296296296296303,1001.0714285714286,8,"Aug","Monsoon",1001.0714285714286,0,3.2296296296296303,0
"2016-08-14","train",28.933333333333334,83.700000000000003,6.3699999999999983,1000.1785714285714,8,"Aug","Monsoon",633.89999999999998,1,6.3699999999999983,0
"2016-08-15","train",31.678571428571427,67.642857142857139,12.725,999.28571428571433,8,"Aug","Monsoon",999.28571428571433,0,12.725,0
"2016-08-16","train",31.333333333333332,66.416666666666671,14.66666666666667,999.40211640211646,8,"Aug","Monsoon",-3.0416666666666665,1,14.66666666666667,0
"2016-08-17","train",29.928571428571427,72.5,6.3250000000000002,999.51851851851848,8,"Aug","Monsoon",999.51851851851848,0,6.3250000000000002,0
"2016-08-18","train",29.888888888888889,79.81481481481481,1.7222222222222225,999.92307692307691,8,"Aug","Monsoon",999.92307692307691,0,1.7222222222222225,0
"2016-08-19","train",32.071428571428569,68.285714285714292,1.9178571428571429,999.89285714285711,8,"Aug","Monsoon",999.89285714285711,0,1.9178571428571429,0
"2016-08-20","train",33.185185185185183,66.481481481481481,10.366666666666667,1000.16,8,"Aug","Monsoon",1000.16,0,10.366666666666667,0
"2016-08-21","train",31.592592592592592,68.074074074074076,10.022222222222224,1001.1923076923077,8,"Aug","Monsoon",1001.1923076923077,0,10.022222222222224,0
"2016-08-22","train",32.185185185185183,65.555555555555557,8.2370370370370374,1002.8888888888889,8,"Aug","Monsoon",1002.8888888888889,0,8.2370370370370374,0
"2016-08-23","train",31.48,70.079999999999998,6.0839999999999996,1003.24,8,"Aug","Monsoon",1003.24,0,6.0839999999999996,0
"2016-08-24","train",30.178571428571427,79.285714285714292,8.4192307692307686,1002.5,8,"Aug","Monsoon",1002.5,0,8.4192307692307686,0
"2016-08-25","train",31.52,72.439999999999998,6.2769230769230751,1004.4230769230769,8,"Aug","Monsoon",1004.4230769230769,0,6.2769230769230751,0
"2016-08-26","train",31.222222222222221,73.81481481481481,4.3925925925925933,1005.2222222222222,8,"Aug","Monsoon",1005.2222222222222,0,4.3925925925925933,0
"2016-08-27","train",31.785714285714285,70.285714285714292,7.1499999999999995,1006.1428571428571,8,"Aug","Monsoon",1006.1428571428571,0,7.1499999999999995,0
"2016-08-28","train",33.399999999999999,66.239999999999995,7.2719999999999985,1006.2,8,"Aug","Monsoon",1006.2,0,7.2719999999999985,0
"2016-08-29","train",29.571428571428573,82.321428571428569,5.8250000000000002,1003.6071428571429,8,"Aug","Monsoon",1003.6071428571429,0,5.8250000000000002,0
"2016-08-30","train",30.039999999999999,76.799999999999997,8.9038461538461533,1002.1923076923077,8,"Aug","Monsoon",1002.1923076923077,0,8.9038461538461533,0
"2016-08-31","train",27.25925925925926,89.555555555555557,6.7296296296296312,1003.0370370370371,8,"Aug","Monsoon",1003.0370370370371,0,6.7296296296296312,0
"2016-09-01","train",27.960000000000001,87.239999999999995,4.1479999999999997,1002.4400000000001,9,"Sep","Monsoon",1002.4400000000001,0,4.1479999999999997,0
"2016-09-02","train",30.739130434782609,71.739130434782609,13.204347826086956,1001.2727272727273,9,"Sep","Monsoon",1001.2727272727273,0,13.204347826086956,0
"2016-09-03","train",30.894736842105264,62.684210526315788,13.263157894736842,1001.1578947368421,9,"Sep","Monsoon",1001.1578947368421,0,13.263157894736842,0
"2016-09-04","train",31.692307692307693,59.307692307692307,11.123076923076921,1002.9230769230769,9,"Sep","Monsoon",1002.9230769230769,0,11.123076923076921,0
"2016-09-05","train",31.076923076923077,60.307692307692307,13.961538461538463,1003.2307692307693,9,"Sep","Monsoon",1003.2307692307693,0,13.961538461538463,0
"2016-09-06","train",30.375,55,13.437499999999998,1003.75,9,"Sep","Monsoon",1003.75,0,13.437499999999998,0
"2016-09-07","train",31.100000000000001,57.700000000000003,9.0999999999999996,1003.4545454545455,9,"Sep","Monsoon",1003.4545454545455,0,9.0999999999999996,0
"2016-09-08","train",31.916666666666668,58,10.808333333333332,1005.1666666666666,9,"Sep","Monsoon",1005.1666666666666,0,10.808333333333332,0
"2016-09-09","train",30.555555555555557,56.666666666666664,11.52222222222222,1004.3333333333334,9,"Sep","Monsoon",1004.3333333333334,0,11.52222222222222,0
"2016-09-10","train",31.23076923076923,58.230769230769234,11.969230769230771,1005.2307692307693,9,"Sep","Monsoon",1005.2307692307693,0,11.969230769230771,0
"2016-09-11","train",31,56.399999999999999,8.1500000000000004,1003.8,9,"Sep","Monsoon",1003.8,0,8.1500000000000004,0
"2016-09-12","train",31.642857142857142,55.5,10.85,1005.0714285714286,9,"Sep","Monsoon",1005.0714285714286,0,10.85,0
"2016-09-13","train",32.533333333333331,57.06666666666667,8.5266666666666655,1006.4,9,"Sep","Monsoon",1006.4,0,8.5266666666666655,0
"2016-09-14","train",30.857142857142858,70.357142857142861,4.2357142857142867,1006.9285714285714,9,"Sep","Monsoon",1006.9285714285714,0,4.2357142857142867,0
"2016-09-15","train",31.727272727272727,59.636363636363633,11.9,1004.75,9,"Sep","Monsoon",1004.75,0,11.9,0
"2016-09-16","train",31.399999999999999,58,3.5200000000000005,1004.4,9,"Sep","Monsoon",1004.4,0,3.5200000000000005,0
"2016-09-17","train",32.307692307692307,58,2.7076923076923078,1003.1538461538462,9,"Sep","Monsoon",1003.1538461538462,0,2.7076923076923078,0
"2016-09-18","train",32.25,58.833333333333336,17.606249999999999,1005,9,"Sep","Monsoon",1005,0,17.908333333333335,1
"2016-09-19","train",32.375,59.458333333333336,2.0874999999999999,1004.7083333333334,9,"Sep","Monsoon",1004.7083333333334,0,2.0874999999999999,0
"2016-09-20","train",33.444444444444443,54.074074074074076,2.5692307692307699,1003.5185185185185,9,"Sep","Monsoon",1003.5185185185185,0,2.5692307692307699,0
"2016-09-21","train",33.359999999999999,58.960000000000001,6.0920000000000005,1005.4,9,"Sep","Monsoon",1005.4,0,6.0920000000000005,0
"2016-09-22","train",30.037037037037038,67.629629629629633,8.1074074074074041,1008.7777777777778,9,"Sep","Monsoon",1008.7777777777778,0,8.1074074074074041,0
"2016-09-23","train",31,66.107142857142861,3.571428571428573,1005.3214285714286,9,"Sep","Monsoon",1005.3214285714286,0,3.571428571428573,0
"2016-09-24","train",31.239999999999998,66.480000000000004,5.4961538461538453,1005.0520186335403,9,"Sep","Monsoon",1352.6153846153845,1,5.4961538461538453,0
"2016-09-25","train",31.130434782608695,62.304347826086953,3.1478260869565218,1004.7826086956521,9,"Sep","Monsoon",1004.7826086956521,0,3.1478260869565218,0
"2016-09-26","train",31.48,60.880000000000003,2.9869565217391312,1006.76,9,"Sep","Monsoon",1006.76,0,2.9869565217391312,0
"2016-09-27","train",32.185185185185183,57.814814814814817,1.7807692307692307,1006.7037037037037,9,"Sep","Monsoon",1006.7037037037037,0,1.7807692307692307,0
"2016-09-28","train",32.439999999999998,55.280000000000001,2.5200000000000005,1005.28,9,"Sep","Monsoon",1005.28,0,2.5200000000000005,0
"2016-09-29","train",32.227272727272727,61.31818181818182,3.9636363636363643,1005.5909090909091,9,"Sep","Monsoon",1005.5909090909091,0,3.9636363636363643,0
"2016-09-30","train",32.214285714285715,59.357142857142854,2.5821428571428582,1005.5714285714286,9,"Sep","Monsoon",1005.5714285714286,0,2.5821428571428582,0
"2016-10-01","train",32.541666666666664,61.916666666666664,3.1708333333333338,1007.5,10,"Oct","Post-monsoon",1007.5,0,3.1708333333333338,0
"2016-10-02","train",32.814814814814817,61.814814814814817,4.1222222222222227,1009.1111111111111,10,"Oct","Post-monsoon",1009.1111111111111,0,4.1222222222222227,0
"2016-10-03","train",33.269230769230766,59.57692307692308,3.9925925925925929,1007.1851851851852,10,"Oct","Post-monsoon",1007.1851851851852,0,3.9925925925925929,0
"2016-10-04","train",30.555555555555557,69.81481481481481,5.7703703703703706,1005.3703703703703,10,"Oct","Post-monsoon",1005.3703703703703,0,5.7703703703703706,0
"2016-10-05","train",28.833333333333332,71.875,3.3249999999999997,1005.25,10,"Oct","Post-monsoon",1005.25,0,3.3249999999999997,0
"2016-10-06","train",30.703703703703702,64.81481481481481,3.2333333333333325,1007.1481481481482,10,"Oct","Post-monsoon",1007.1481481481482,0,3.2333333333333325,0
"2016-10-07","train",30.960000000000001,59.960000000000001,15.825000000000001,1007.2,10,"Oct","Post-monsoon",1007.2,0,15.825000000000001,0
"2016-10-08","train",30.600000000000001,57.960000000000001,8.7615384615384606,1006.8461538461538,10,"Oct","Post-monsoon",1006.8461538461538,0,8.7615384615384606,0
"2016-10-09","train",30.920000000000002,59.200000000000003,3.1840000000000011,1005.96,10,"Oct","Post-monsoon",1005.96,0,3.1840000000000011,0
"2016-10-10","train",29.777777777777779,51.111111111111114,4.8074074074074078,1006.1481481481482,10,"Oct","Post-monsoon",1006.1481481481482,0,4.8074074074074078,0
"2016-10-11","train",29.666666666666668,51.148148148148145,8.9222222222222243,1006.5925925925926,10,"Oct","Post-monsoon",1006.5925925925926,0,8.9222222222222243,0
"2016-10-12","train",29.571428571428573,47.285714285714285,11.371428571428568,1006.25,10,"Oct","Post-monsoon",1006.25,0,11.371428571428568,0
"2016-10-13","train",29.962962962962962,44,13.022222222222224,1008.3333333333334,10,"Oct","Post-monsoon",1008.3333333333334,0,13.022222222222224,0
"2016-10-14","train",29.75,47.875,8.9347826086956523,1009.125,10,"Oct","Post-monsoon",1009.125,0,8.9347826086956523,0
"2016-10-15","train",27.74074074074074,54.148148148148145,6.662962962962963,1010.5185185185185,10,"Oct","Post-monsoon",1010.5185185185185,0,6.662962962962963,0
"2016-10-16","train",28.428571428571427,49.857142857142854,7.0142857142857151,1011.8571428571429,10,"Oct","Post-monsoon",1011.8571428571429,0,7.0142857142857151,0
"2016-10-17","train",28.600000000000001,49.240000000000002,7.1160000000000005,1010.5599999999999,10,"Oct","Post-monsoon",1010.5599999999999,0,7.1160000000000005,0
"2016-10-18","train",28.5,48.458333333333336,7.668181818181818,1009.4583333333334,10,"Oct","Post-monsoon",1009.4583333333334,0,7.668181818181818,0
"2016-10-19","train",28.925925925925927,49.185185185185183,6.4592592592592588,1008.5555555555555,10,"Oct","Post-monsoon",1008.5555555555555,0,6.4592592592592588,0
"2016-10-20","train",29.076923076923077,47.730769230769234,9.1239999999999988,1007.5384615384615,10,"Oct","Post-monsoon",1007.5384615384615,0,9.1239999999999988,0
"2016-10-21","train",28.40909090909091,50.409090909090907,10.695454545454547,1008.7272727272727,10,"Oct","Post-monsoon",1008.7272727272727,0,10.695454545454547,0
"2016-10-22","train",29.333333333333332,49.481481481481481,13.323076923076924,1009.3703703703703,10,"Oct","Post-monsoon",1009.3703703703703,0,13.323076923076924,0
"2016-10-23","train",27.5,54.96153846153846,11.546153846153846,1009.3076923076923,10,"Oct","Post-monsoon",1009.3076923076923,0,11.546153846153846,0
"2016-10-24","train",28.5,51.42307692307692,11.188461538461537,1008.2692307692307,10,"Oct","Post-monsoon",1008.2692307692307,0,11.188461538461537,0
"2016-10-25","train",28.039999999999999,54.560000000000002,12.388461538461542,1008.9230769230769,10,"Oct","Post-monsoon",1008.9230769230769,0,12.388461538461542,0
"2016-10-26","train",27.576923076923077,56.192307692307693,5.6999999999999984,1011.7307692307693,10,"Oct","Post-monsoon",1011.7307692307693,0,5.6999999999999984,0
"2016-10-27","train",26.555555555555557,59.370370370370374,6.0444444444444443,1014.6296296296297,10,"Oct","Post-monsoon",1014.6296296296297,0,6.0444444444444443,0
"2016-10-28","train",25.518518518518519,58.777777777777779,7.2777777777777768,1012.4074074074074,10,"Oct","Post-monsoon",1012.4074074074074,0,7.2777777777777768,0
"2016-10-29","train",25.814814814814813,62.777777777777779,1.7148148148148148,1013,10,"Oct","Post-monsoon",1013,0,1.7148148148148148,0
"2016-10-30","train",24.826086956521738,71.043478260869563,2.0130434782608697,1014.6086956521739,10,"Oct","Post-monsoon",1014.6086956521739,0,2.0130434782608697,0
"2016-10-31","train",24.53846153846154,66.807692307692307,1.6423076923076925,1017.8076923076923,10,"Oct","Post-monsoon",1017.8076923076923,0,1.6423076923076925,0
"2016-11-01","train",24.384615384615383,58.730769230769234,2.7153846153846155,1016.3846153846154,11,"Nov","Post-monsoon",1016.3846153846154,0,2.7153846153846155,0
"2016-11-02","train",23.727272727272727,65.909090909090907,1.4318181818181817,1016.5909090909091,11,"Nov","Post-monsoon",1016.5909090909091,0,1.4318181818181817,0
"2016-11-03","train",25.640000000000001,59.759999999999998,2.2320000000000007,1016.24,11,"Nov","Post-monsoon",1016.24,0,2.2320000000000007,0
"2016-11-04","train",24.814814814814813,58.296296296296298,4.1222222222222218,1012.6296296296297,11,"Nov","Post-monsoon",1012.6296296296297,0,4.1222222222222218,0
"2016-11-05","train",23.115384615384617,66.57692307692308,5.7846153846153836,1010.3461538461538,11,"Nov","Post-monsoon",1010.3461538461538,0,5.7846153846153836,0
"2016-11-06","train",22.925925925925927,63.851851851851855,2.411111111111111,1011.5185185185185,11,"Nov","Post-monsoon",1011.5185185185185,0,2.411111111111111,0
"2016-11-07","train",24.545454545454547,51.31818181818182,8.1727272727272737,1012.7727272727273,11,"Nov","Post-monsoon",1012.7727272727273,0,8.1727272727272737,0
"2016-11-08","train",23.73076923076923,52.269230769230766,12.750000000000002,1013.64,11,"Nov","Post-monsoon",1013.64,0,12.750000000000002,0
"2016-11-09","train",23,49.703703703703702,7.0740740740740744,1014.6666666666666,11,"Nov","Post-monsoon",1014.6666666666666,0,7.0740740740740744,0
"2016-11-10","train",23.518518518518519,50.148148148148145,3.2259259259259272,1013.8148148148148,11,"Nov","Post-monsoon",1013.8148148148148,0,3.2259259259259272,0
"2016-11-11","train",23.920000000000002,54.039999999999999,2.968,1014.08,11,"Nov","Post-monsoon",1014.08,0,2.968,0
"2016-11-12","train",23.53846153846154,58.03846153846154,2.7846153846153854,1015.1538461538462,11,"Nov","Post-monsoon",1015.1538461538462,0,2.7846153846153854,0
"2016-11-13","train",24.296296296296298,55.814814814814817,4.3999999999999995,1016.5185185185185,11,"Nov","Post-monsoon",1016.5185185185185,0,4.3999999999999995,0
"2016-11-14","train",23.346153846153847,60.730769230769234,1.4961538461538462,1015.7307692307693,11,"Nov","Post-monsoon",1015.7307692307693,0,1.4961538461538462,0
"2016-11-15","train",22.239999999999998,55.719999999999999,4.0879999999999992,1016.24,11,"Nov","Post-monsoon",1016.24,0,4.0879999999999992,0
"2016-11-16","train",21.76923076923077,53.230769230769234,7.1384615384615371,1017.5384615384615,11,"Nov","Post-monsoon",1017.5384615384615,0,7.1384615384615371,0
"2016-11-17","train",21.73076923076923,51.730769230769234,11.549999999999999,1016.1153846153846,11,"Nov","Post-monsoon",1350.2962962962963,1,11.549999999999999,0
"2016-11-18","train",21.73076923076923,53.615384615384613,7.7799999999999985,1014.6923076923077,11,"Nov","Post-monsoon",1014.6923076923077,0,7.7799999999999985,0
"2016-11-19","train",20.666666666666668,60.666666666666664,2.8400000000000003,1012.4666666666667,11,"Nov","Post-monsoon",1012.4666666666667,0,2.8400000000000003,0
"2016-11-20","train",22.25,59.899999999999999,2.5050000000000003,1013.35,11,"Nov","Post-monsoon",1013.35,0,2.5050000000000003,0
"2016-11-21","train",21.53846153846154,60.46153846153846,2.7153846153846155,1013,11,"Nov","Post-monsoon",1013,0,2.7153846153846155,0
"2016-11-22","train",22.578947368421051,50.157894736842103,7.9999999999999982,1012.8947368421053,11,"Nov","Post-monsoon",1012.8947368421053,0,7.9999999999999982,0
"2016-11-23","train",22.826086956521738,51.434782608695649,6.6043478260869559,1013.1739130434783,11,"Nov","Post-monsoon",1013.1739130434783,0,6.6043478260869559,0
"2016-11-24","train",21.421052631578949,51.473684210526315,8.2894736842105257,1014.9473684210526,11,"Nov","Post-monsoon",1014.9473684210526,0,8.2894736842105257,0
"2016-11-25","train",23.600000000000001,30.550000000000001,15.085000000000003,1012.95,11,"Nov","Post-monsoon",1012.95,0,15.085000000000003,0
"2016-11-26","train",24.294117647058822,32.647058823529413,14.494117647058824,1013.25,11,"Nov","Post-monsoon",1013.25,0,14.494117647058824,0
"2016-11-27","train",23.636363636363637,33.636363636363633,12.459090909090911,1013.5909090909091,11,"Nov","Post-monsoon",1013.5909090909091,0,12.459090909090911,0
"2016-11-28","train",22.454545454545453,37.31818181818182,9.1857142857142868,1014.2954545454545,11,"Nov","Post-monsoon",12.045454545454545,1,9.1857142857142868,0
"2016-11-29","train",21.611111111111111,53.722222222222221,1.2388888888888889,1015,11,"Nov","Post-monsoon",1015,0,1.2388888888888889,0
"2016-11-30","train",19.869565217391305,80.086956521739125,4.2695652173913059,1016.6086956521739,11,"Nov","Post-monsoon",1016.6086956521739,0,4.2695652173913059,0
"2016-12-01","train",19.75,84,2.7041666666666671,1016.875,12,"Dec","Winter",1016.875,0,2.7041666666666671,0
"2016-12-02","train",19.208333333333332,75.875,4.9458333333333337,1017.75,12,"Dec","Winter",1017.75,0,4.9458333333333337,0
"2016-12-03","train",21.208333333333332,52.166666666666664,5.8666666666666663,1019.3333333333334,12,"Dec","Winter",1019.3333333333334,0,5.8666666666666663,0
"2016-12-04","train",18.899999999999999,55.25,5.6666666666666661,1019.7,12,"Dec","Winter",1019.7,0,5.6666666666666661,0
"2016-12-05","train",18.636363636363637,56.590909090909093,4.9523809523809526,1017.0454545454545,12,"Dec","Winter",1017.0454545454545,0,4.9523809523809526,0
"2016-12-06","train",18.53846153846154,69.92307692307692,2.5038461538461543,1017.9615384615385,12,"Dec","Winter",1017.9615384615385,0,2.5038461538461543,0
"2016-12-07","train",18.25,74.349999999999994,0.92500000000000004,1017.421052631579,12,"Dec","Winter",1017.421052631579,0,0.92500000000000004,0
"2016-12-08","train",16.899999999999999,73.299999999999997,1.7650000000000001,1016.2,12,"Dec","Winter",1016.2,0,1.7650000000000001,0
"2016-12-09","train",19.416666666666668,68.125,1.3125,1013.4166666666666,12,"Dec","Winter",1013.4166666666666,0,1.3125,0
"2016-12-10","train",16.444444444444443,82.833333333333329,5.3555555555555561,1014,12,"Dec","Winter",1014,0,5.3555555555555561,0
"2016-12-11","train",20.041666666666668,69.583333333333329,4.7166666666666668,1013.2916666666666,12,"Dec","Winter",1013.2916666666666,0,4.7166666666666668,0
"2016-12-12","train",19.90909090909091,63.863636363636367,3.2818181818181817,1014.1818181818181,12,"Dec","Winter",1014.1818181818181,0,3.2818181818181817,0
"2016-12-13","train",19.050000000000001,62.350000000000001,3.4300000000000006,1015.1,12,"Dec","Winter",1015.1,0,3.4300000000000006,0
"2016-12-14","train",18.555555555555557,58.611111111111114,8.027777777777775,1017.3333333333334,12,"Dec","Winter",1017.3333333333334,0,8.027777777777775,0
"2016-12-15","train",18.166666666666668,56.625,9.8791666666666664,1016.6666666666666,12,"Dec","Winter",1016.6666666666666,0,9.8791666666666664,0
"2016-12-16","train",15.833333333333334,63.277777777777779,3.9166666666666674,1018.7777777777778,12,"Dec","Winter",1018.7777777777778,0,3.9166666666666674,0
"2016-12-17","train",17.5,63.388888888888886,6.7315789473684218,1016.9473684210526,12,"Dec","Winter",1016.9473684210526,0,6.7315789473684218,0
"2016-12-18","train",16.083333333333332,64.541666666666671,6.4208333333333307,1018.0833333333334,12,"Dec","Winter",1018.0833333333334,0,6.4208333333333307,0
"2016-12-19","train",17.857142857142858,56.095238095238095,10.414285714285715,1017.4285714285714,12,"Dec","Winter",1017.4285714285714,0,10.414285714285715,0
"2016-12-20","train",19.800000000000001,48.533333333333331,15.926666666666673,1015.2,12,"Dec","Winter",1015.2,0,15.926666666666673,0
"2016-12-21","train",18.050000000000001,54.299999999999997,17.606249999999999,1015.6190476190476,12,"Dec","Winter",1015.6190476190476,0,19.404761904761909,1
"2016-12-22","train",17.285714285714285,57.857142857142854,6.1809523809523785,1016.1428571428571,12,"Dec","Winter",1016.1428571428571,0,6.1809523809523785,0
"2016-12-23","train",15.550000000000001,74.700000000000003,1.2050000000000001,1014.25,12,"Dec","Winter",1014.25,0,1.2050000000000001,0
"2016-12-24","train",17.318181818181817,78.63636363636364,5.2363636363636363,1011.3181818181819,12,"Dec","Winter",1011.3181818181819,0,5.2363636363636363,0
"2016-12-25","train",14,94.299999999999997,9.0849999999999991,1014.35,12,"Dec","Winter",1014.35,0,9.0849999999999991,0
"2016-12-26","train",17.142857142857142,74.857142857142861,8.7842105263157872,1016.952380952381,12,"Dec","Winter",1016.952380952381,0,8.7842105263157872,0
"2016-12-27","train",16.850000000000001,67.549999999999997,8.3350000000000009,1017.2,12,"Dec","Winter",1017.2,0,8.3350000000000009,0
"2016-12-28","train",17.217391304347824,68.043478260869563,3.5478260869565221,1015.5652173913044,12,"Dec","Winter",1015.5652173913044,0,3.5478260869565221,0
"2016-12-29","train",15.238095238095237,87.857142857142861,6,1016.9047619047619,12,"Dec","Winter",1016.9047619047619,0,6,0
"2016-12-30","train",14.095238095238095,89.666666666666671,6.2666666666666666,1017.9047619047619,12,"Dec","Winter",1017.9047619047619,0,6.2666666666666666,0
"2016-12-31","train",15.052631578947368,87,7.3250000000000002,1016.1,12,"Dec","Winter",1016.1,0,7.3250000000000002,0
"2017-01-01","test",15.913043478260869,85.869565217391298,2.7434782608695651,1017.1888888888889,1,"Jan","Winter",59,1,2.7434782608695651,0
"2017-01-02","test",18.5,77.222222222222229,2.8944444444444444,1018.2777777777778,1,"Jan","Winter",1018.2777777777778,0,2.8944444444444444,0
"2017-01-03","test",17.111111111111111,81.888888888888886,4.0166666666666666,1018.3333333333334,1,"Jan","Winter",1018.3333333333334,0,4.0166666666666666,0
"2017-01-04","test",18.699999999999999,70.049999999999997,4.5449999999999999,1015.7,1,"Jan","Winter",1015.7,0,4.5449999999999999,0
"2017-01-05","test",18.388888888888889,74.944444444444443,3.3000000000000003,1014.3333333333334,1,"Jan","Winter",1014.3333333333334,0,3.3000000000000003,0
"2017-01-06","test",19.318181818181817,79.318181818181813,8.6818181818181817,1011.7727272727273,1,"Jan","Winter",1011.7727272727273,0,8.6818181818181817,0
"2017-01-07","test",14.708333333333334,95.833333333333329,10.041666666666664,1011.375,1,"Jan","Winter",1011.375,0,10.041666666666664,0
"2017-01-08","test",15.684210526315789,83.526315789473685,1.95,1015.55,1,"Jan","Winter",1015.55,0,1.95,0
"2017-01-09","test",14.571428571428571,80.80952380952381,6.5428571428571418,1015.952380952381,1,"Jan","Winter",1015.952380952381,0,6.5428571428571418,0
"2017-01-10","test",12.111111111111111,71.944444444444443,9.3611111111111089,1016.8888888888889,1,"Jan","Winter",1016.8888888888889,0,9.3611111111111089,0
"2017-01-11","test",11,72.111111111111114,9.7722222222222204,1016.7777777777778,1,"Jan","Winter",1016.7777777777778,0,9.7722222222222204,0
"2017-01-12","test",11.789473684210526,74.578947368421055,6.6263157894736837,1016.3684210526316,1,"Jan","Winter",1016.3684210526316,0,6.6263157894736837,0
"2017-01-13","test",13.235294117647058,67.058823529411768,6.4352941176470591,1017.5294117647059,1,"Jan","Winter",1017.5294117647059,0,6.4352941176470591,0
"2017-01-14","test",13.199999999999999,74.280000000000001,5.2759999999999998,1018.84,1,"Jan","Winter",1018.84,0,5.2759999999999998,0
"2017-01-15","test",16.434782608695652,72.565217391304344,3.6304347826086958,1018.1304347826087,1,"Jan","Winter",1018.1304347826087,0,3.6304347826086958,0
"2017-01-16","test",14.65,78.450000000000003,10.380000000000001,1017.15,1,"Jan","Winter",1017.15,0,10.380000000000001,0
"2017-01-17","test",11.722222222222221,84.444444444444443,8.0388888888888879,1018.3888888888889,1,"Jan","Winter",1018.3888888888889,0,8.0388888888888879,0
"2017-01-18","test",13.041666666666666,78.333333333333329,6.0291666666666641,1021.9583333333334,1,"Jan","Winter",1021.9583333333334,0,6.0291666666666641,0
"2017-01-19","test",14.619047619047619,75.142857142857139,10.338095238095239,1022.8095238095239,1,"Jan","Winter",1022.8095238095239,0,10.338095238095239,0
"2017-01-20","test",15.263157894736842,66.473684210526315,11.226315789473684,1021.7894736842105,1,"Jan","Winter",1021.7894736842105,0,11.226315789473684,0
"2017-01-21","test",15.391304347826088,70.869565217391298,13.695652173913043,1020.4782608695652,1,"Jan","Winter",1020.4782608695652,0,13.695652173913043,0
"2017-01-22","test",18.440000000000001,76.239999999999995,5.8679999999999986,1021.04,1,"Jan","Winter",1021.04,0,5.8679999999999986,0
"2017-01-23","test",18.117647058823529,76,6.7529411764705882,1019.8235294117648,1,"Jan","Winter",1019.8235294117648,0,6.7529411764705882,0
"2017-01-24","test",18.347826086956523,68.130434782608702,3.3913043478260865,1018.8695652173913,1,"Jan","Winter",1018.8695652173913,0,3.3913043478260865,0
"2017-01-25","test",21,69.959999999999994,8.7559999999999985,1018.4,1,"Jan","Winter",1018.4,0,8.7559999999999985,0
"2017-01-26","test",16.178571428571427,91.642857142857139,8.4678571428571434,1017.7857142857143,1,"Jan","Winter",1017.7857142857143,0,8.4678571428571434,0
"2017-01-27","test",16.5,77.041666666666671,14.358333333333333,1018.125,1,"Jan","Winter",1018.125,0,14.358333333333333,0
"2017-01-28","test",14.863636363636363,82.772727272727266,9.6909090909090931,1019.6363636363636,1,"Jan","Winter",1019.6363636363636,0,9.6909090909090931,0
"2017-01-29","test",15.666666666666666,81.777777777777771,10.294444444444444,1017.3888888888889,1,"Jan","Winter",1017.3888888888889,0,10.294444444444444,0
"2017-01-30","test",16.444444444444443,77.555555555555557,4.322222222222222,1015.8333333333334,1,"Jan","Winter",1015.8333333333334,0,4.322222222222222,0
"2017-01-31","test",16.125,76,4.625,1015.5,1,"Jan","Winter",1015.5,0,4.625,0
"2017-02-01","test",15.25,78.625,5.1000000000000005,1017.5,2,"Feb","Winter",1017.5,0,5.1000000000000005,0
"2017-02-02","test",17.09090909090909,66.545454545454547,3.0272727272727269,1018.9090909090909,2,"Feb","Winter",1018.9090909090909,0,3.0272727272727269,0
"2017-02-03","test",15.636363636363637,78.181818181818187,1.8545454545454545,1017.7272727272727,2,"Feb","Winter",1017.7272727272727,0,1.8545454545454545,0
"2017-02-04","test",18.699999999999999,77.599999999999994,9.8199999999999985,1014.4,2,"Feb","Winter",1014.4,0,9.8199999999999985,0
"2017-02-05","test",18.631578947368421,77.631578947368425,8.0999999999999979,1014.2105263157895,2,"Feb","Winter",1014.2105263157895,0,8.0999999999999979,0
"2017-02-06","test",16.888888888888889,69.666666666666671,9.0444444444444443,1016,2,"Feb","Winter",1016,0,9.0444444444444443,0
"2017-02-07","test",15.125,63.75,7.6375000000000011,1016.125,2,"Feb","Winter",1016.125,0,7.6375000000000011,0
"2017-02-08","test",15.699999999999999,68.400000000000006,4.0800000000000001,1015.6,2,"Feb","Winter",1015.6,0,4.0800000000000001,0
"2017-02-09","test",15.375,68.375,7.8750000000000018,1016.375,2,"Feb","Winter",1016.375,0,7.8750000000000018,0
"2017-02-10","test",14.666666666666666,71.777777777777771,9.0666666666666664,1015.6666666666666,2,"Feb","Winter",1015.6666666666666,0,9.0666666666666664,0
"2017-02-11","test",15.625,64,3.9500000000000002,1016.625,2,"Feb","Winter",1016.625,0,3.9500000000000002,0
"2017-02-12","test",16.25,70.375,1.625,1019.625,2,"Feb","Winter",1019.625,0,1.625,0
"2017-02-13","test",16.333333333333332,67,6.3777777777777782,1021.5555555555555,2,"Feb","Winter",1021.5555555555555,0,6.3777777777777782,0
"2017-02-14","test",16.875,65.5,6.9625000000000004,1021.375,2,"Feb","Winter",1021.375,0,6.9625000000000004,0
"2017-02-15","test",17.571428571428573,67.714285714285708,5.5571428571428569,1020.5714285714286,2,"Feb","Winter",1020.5714285714286,0,5.5571428571428569,0
"2017-02-16","test",20.25,56.75,10.4375,1017.625,2,"Feb","Winter",1017.625,0,10.4375,0
"2017-02-17","test",21.300000000000001,64.400000000000006,9.2799999999999976,1016.5,2,"Feb","Winter",1016.5,0,9.2799999999999976,0
"2017-02-18","test",21.125,70.75,6.25,1016.25,2,"Feb","Winter",1016.25,0,6.25,0
"2017-02-19","test",22.363636363636363,66.090909090909093,6.0545454545454556,1013,2,"Feb","Winter",1013,0,6.0545454545454556,0
"2017-02-20","test",23.375,60.125,6.9374999999999991,1005.375,2,"Feb","Winter",1005.375,0,6.9374999999999991,0
"2017-02-21","test",21.833333333333332,69.416666666666671,12.341666666666667,1007.4166666666666,2,"Feb","Winter",1007.4166666666666,0,12.341666666666667,0
"2017-02-22","test",19.125,57.125,7.4125000000000005,1012.25,2,"Feb","Winter",1012.25,0,7.4125000000000005,0
"2017-02-23","test",18.625,42.875,14.35,1015.25,2,"Feb","Winter",1015.25,0,14.35,0
"2017-02-24","test",19.125,40.375,16.662500000000001,1016.125,2,"Feb","Winter",1016.125,0,16.662500000000001,0
"2017-02-25","test",19,50.428571428571431,11.928571428571427,1014.2857142857143,2,"Feb","Winter",1014.2857142857143,0,11.928571428571427,0
"2017-02-26","test",18.75,59,11.112500000000001,1012.375,2,"Feb","Winter",1012.375,0,11.112500000000001,0
"2017-02-27","test",19.875,58.375,5.1000000000000005,1014.25,2,"Feb","Winter",1014.25,0,5.1000000000000005,0
"2017-02-28","test",23.333333333333332,51.666666666666664,3.9111111111111114,1013.1111111111111,2,"Feb","Winter",1013.1111111111111,0,3.9111111111111114,0
"2017-03-01","test",24.46153846153846,47.92307692307692,6.4153846153846166,1012.9230769230769,3,"Mar","Summer",1012.9230769230769,0,6.4153846153846166,0
"2017-03-02","test",23.75,54.25,5.9300000000000006,1012.15,3,"Mar","Summer",1012.15,0,5.9300000000000006,0
"2017-03-03","test",20.5,42.5,7.4125000000000005,1010.625,3,"Mar","Summer",1010.625,0,7.4125000000000005,0
"2017-03-04","test",19.125,43.125,8.3500000000000014,1010,3,"Mar","Summer",1010,0,8.3500000000000014,0
"2017-03-05","test",19.75,41.25,9.9624999999999986,1010.5,3,"Mar","Summer",1010.5,0,9.9624999999999986,0
"2017-03-06","test",20,42.444444444444443,9.6666666666666643,1010.3333333333334,3,"Mar","Summer",1010.3333333333334,0,9.6666666666666643,0
"2017-03-07","test",22.625,41.5,6.0250000000000004,1007.375,3,"Mar","Summer",1007.375,0,6.0250000000000004,0
"2017-03-08","test",21.545454545454547,52.727272727272727,10.263636363636364,1008.9090909090909,3,"Mar","Summer",1008.9090909090909,0,10.263636363636364,0
"2017-03-09","test",20.785714285714285,69.071428571428569,8.3428571428571434,1007.3571428571429,3,"Mar","Summer",1007.3571428571429,0,8.3428571428571434,0
"2017-03-10","test",19.9375,67.75,11.4625,1006.875,3,"Mar","Summer",1006.875,0,11.4625,0
"2017-03-11","test",18.533333333333335,60.399999999999999,5.5666666666666664,1009.8,3,"Mar","Summer",1009.8,0,5.5666666666666664,0
"2017-03-12","test",17.375,56.625,7.6374999999999993,1014.75,3,"Mar","Summer",1014.75,0,7.6374999999999993,0
"2017-03-13","test",17.444444444444443,49.333333333333336,9.0555555555555536,1014.8888888888889,3,"Mar","Summer",1014.8888888888889,0,9.0555555555555536,0
"2017-03-14","test",18,56.333333333333336,4.5222222222222221,1016.5555555555555,3,"Mar","Summer",1016.5555555555555,0,4.5222222222222221,0
"2017-03-15","test",19.875,54.75,7.1750000000000007,1014.125,3,"Mar","Summer",1014.125,0,7.1750000000000007,0
"2017-03-16","test",24,49.200000000000003,5.5600000000000005,1011.1,3,"Mar","Summer",1011.1,0,5.5600000000000005,0
"2017-03-17","test",20.899999999999999,59.700000000000003,11.489999999999998,1010.7,3,"Mar","Summer",1010.7,0,11.489999999999998,0
"2017-03-18","test",24.692307692307693,46.307692307692307,7.1230769230769235,1009.8461538461538,3,"Mar","Summer",1009.8461538461538,0,7.1230769230769235,0
"2017-03-19","test",24.666666666666668,52.277777777777779,9.1611111111111114,1011.8888888888889,3,"Mar","Summer",1011.8888888888889,0,9.1611111111111114,0
"2017-03-20","test",23.333333333333332,54.666666666666664,10.077777777777778,1012.5555555555555,3,"Mar","Summer",1012.5555555555555,0,10.077777777777778,0
"2017-03-21","test",25,49,9.2624999999999993,1011.75,3,"Mar","Summer",1011.75,0,9.2624999999999993,0
"2017-03-22","test",27.25,45,10.187500000000002,1009.75,3,"Mar","Summer",1009.75,0,10.187500000000002,0
"2017-03-23","test",28,49.75,3.4875000000000003,1008.875,3,"Mar","Summer",1008.875,0,3.4875000000000003,0
"2017-03-24","test",28.916666666666668,37.666666666666664,10.033333333333335,1010.5833333333334,3,"Mar","Summer",1010.5833333333334,0,10.033333333333335,0
"2017-03-25","test",26.5,39.375,10.425000000000001,1009.875,3,"Mar","Summer",1009.875,0,10.425000000000001,0
"2017-03-26","test",29.100000000000001,37.100000000000001,17.59,1010.2,3,"Mar","Summer",1010.2,0,17.59,0
"2017-03-27","test",29.5,38.625,13.65,1009.5,3,"Mar","Summer",1009.5,0,13.65,0
"2017-03-28","test",29.888888888888889,40.666666666666664,8.844444444444445,1009,3,"Mar","Summer",1009,0,8.844444444444445,0
"2017-03-29","test",31,34.5,13.199999999999999,1007.125,3,"Mar","Summer",1007.125,0,13.199999999999999,0
"2017-03-30","test",29.285714285714285,36.857142857142854,10.585714285714285,1007.1428571428571,3,"Mar","Summer",1007.1428571428571,0,10.585714285714285,0
"2017-03-31","test",30.625,37.625,6.9499999999999993,1007.5,3,"Mar","Summer",1007.5,0,6.9499999999999993,0
"2017-04-01","test",31.375,35.125,9.0374999999999996,1005,4,"Apr","Summer",1005,0,9.0374999999999996,0
"2017-04-02","test",29.75,33.75,9.2624999999999993,1004.25,4,"Apr","Summer",1004.25,0,9.2624999999999993,0
"2017-04-03","test",30.5,29.75,6.9375,1004.25,4,"Apr","Summer",1004.25,0,6.9375,0
"2017-04-04","test",30.933333333333334,31.866666666666667,14.319999999999999,1007.2,4,"Apr","Summer",1007.2,0,14.319999999999999,0
"2017-04-05","test",29.23076923076923,46,14.384615384615387,1005,4,"Apr","Summer",1005,0,14.384615384615387,0
"2017-04-06","test",31.222222222222221,26,13.577777777777776,1002.8888888888889,4,"Apr","Summer",1002.8888888888889,0,13.577777777777776,0
"2017-04-07","test",27,29.875,4.6500000000000004,1007.375,4,"Apr","Summer",1007.375,0,4.6500000000000004,0
"2017-04-08","test",25.625,29.375,8.3374999999999986,1010.375,4,"Apr","Summer",1010.375,0,8.3374999999999986,0
"2017-04-09","test",27.125,21.125,14.125,1010.625,4,"Apr","Summer",1010.625,0,14.125,0
"2017-04-10","test",27.857142857142858,19.428571428571427,17.606249999999999,1008.5714285714286,4,"Apr","Summer",1008.5714285714286,0,19.314285714285713,1
"2017-04-11","test",29.25,17.75,15.512500000000001,1006.25,4,"Apr","Summer",1006.25,0,15.512500000000001,0
"2017-04-12","test",29.25,26,9.4875000000000007,1005.875,4,"Apr","Summer",1005.875,0,9.4875000000000007,0
"2017-04-13","test",29.666666666666668,29.111111111111111,4.9444444444444446,1006.7777777777778,4,"Apr","Summer",1006.7777777777778,0,4.9444444444444446,0
"2017-04-14","test",30.5,37.625,1.3875000000000002,1004.625,4,"Apr","Summer",1004.625,0,1.3875000000000002,0
"2017-04-15","test",31.222222222222221,30.444444444444443,5.9666666666666668,1002.4444444444445,4,"Apr","Summer",1002.4444444444445,0,5.9666666666666668,0
"2017-04-16","test",31,34.25,2.0999999999999996,1003.25,4,"Apr","Summer",1003.25,0,2.0999999999999996,0
"2017-04-17","test",32.555555555555557,38.444444444444443,5.3666666666666663,1004.4444444444445,4,"Apr","Summer",1004.4444444444445,0,5.3666666666666663,0
"2017-04-18","test",34,27.333333333333332,7.8111111111111109,1003.1111111111111,4,"Apr","Summer",1003.1111111111111,0,7.8111111111111109,0
"2017-04-19","test",33.5,24.125,9.0250000000000004,1000.875,4,"Apr","Summer",1000.875,0,9.0250000000000004,0
"2017-04-20","test",34.5,27.5,5.5625,998.625,4,"Apr","Summer",998.625,0,5.5625,0
"2017-04-21","test",34.25,39.375,6.9625000000000004,999.875,4,"Apr","Summer",999.875,0,6.9625000000000004,0
"2017-04-22","test",32.899999999999999,40.899999999999999,8.8900000000000006,1001.6,4,"Apr","Summer",1001.6,0,8.8900000000000006,0
"2017-04-23","test",32.875,27.5,9.9624999999999986,1002.125,4,"Apr","Summer",1002.125,0,9.9624999999999986,0
"2017-04-24","test",32,27.142857142857142,12.157142857142858,1004.1428571428571,4,"Apr","Summer",1004.1428571428571,0,12.157142857142858,0
